-- phpMyAdmin SQL Dump
-- version 4.7.7
-- https://www.phpmyadmin.net/
--
-- Хост: 127.0.0.1:3306
-- Время создания: Окт 07 2021 г., 09:43
-- Версия сервера: 5.6.38
-- Версия PHP: 7.1.12

SET SQL_MODE = "NO_AUTO_VALUE_ON_ZERO";
SET AUTOCOMMIT = 0;
START TRANSACTION;
SET time_zone = "+00:00";


/*!40101 SET @OLD_CHARACTER_SET_CLIENT=@@CHARACTER_SET_CLIENT */;
/*!40101 SET @OLD_CHARACTER_SET_RESULTS=@@CHARACTER_SET_RESULTS */;
/*!40101 SET @OLD_COLLATION_CONNECTION=@@COLLATION_CONNECTION */;
/*!40101 SET NAMES utf8mb4 */;

--
-- База данных: `Theatre`
--

-- --------------------------------------------------------

--
-- Структура таблицы `Actor`
--

CREATE TABLE `Actor` (
  `Personnel_number` int(11) NOT NULL,
  `Surname` varchar(45) NOT NULL,
  `Name` varchar(45) NOT NULL,
  `Patronymic` varchar(45) DEFAULT NULL,
  `Sex` varchar(1) NOT NULL,
  `Title` varchar(45) NOT NULL
) ENGINE=InnoDB DEFAULT CHARSET=utf8;

--
-- Дамп данных таблицы `Actor`
--

INSERT INTO `Actor` (`Personnel_number`, `Surname`, `Name`, `Patronymic`, `Sex`, `Title`) VALUES
(1, 'Roy', 'Vanna', 'Ella', 'М', 'Gareth Edwards'),
(2, 'Tate', 'Autumn', 'Paloma', 'Ж', 'Gloria Mcintosh'),
(3, 'Delacruz', 'Gareth', 'Cameran', 'Ж', 'Noah Booth'),
(4, 'Rose', 'Lacy', 'Eliana', 'Ж', 'Damian Ferrell'),
(5, 'Atkins', 'Hoyt', 'Rhoda', 'М', 'Xavier Bean'),
(6, 'Gillespie', 'Cleo', 'Ivana', 'М', 'Mercedes Hodges'),
(7, 'Simpson', 'Halla', 'Quin', 'М', 'Jonas Shaw'),
(8, 'Cardenas', 'Lars', 'Ocean', 'М', 'Courtney Guthrie'),
(9, 'Wheeler', 'Yoshio', 'Zelenia', 'Ж', 'Galvin Ballard'),
(10, 'Hickman', 'Martin', 'Odette', 'Ж', 'Cassady Mcmahon'),
(11, 'Mcclain', 'Erich', 'Doris', 'М', 'Maxwell Gregory'),
(12, 'Sargent', 'Olga', 'Shana', 'М', 'Velma Robbins'),
(13, 'Holder', 'Ralph', 'Ignacia', 'М', 'Constance Torres'),
(14, 'Hutchinson', 'Jaquelyn', 'Frances', 'М', 'Kasimir Goff'),
(15, 'Griffith', 'Igor', 'Priscilla', 'М', 'Boris Mathis'),
(16, 'Atkins', 'Hashim', 'Kai', 'М', 'Harper Hutchinson'),
(17, 'Wright', 'Natalie', 'Tatyana', 'Ж', 'Ivan Hood'),
(18, 'Steele', 'Ivan', 'Chloe', 'М', 'Kai Peters'),
(19, 'Marshall', 'Leslie', 'Teegan', 'М', 'Eliana Sharpe'),
(20, 'O\'connor', 'Diana', 'Lila', 'Ж', 'Brett Moses'),
(21, 'Hubbard', 'Walter', 'Stacey', 'Ж', 'Zeus Pace'),
(22, 'Phillips', 'Hanna', 'Kaye', 'М', 'Anthony Stanley'),
(23, 'Baker', 'Marny', 'Octavia', 'Ж', 'Rudyard Savage'),
(24, 'Rowe', 'Judah', 'Unity', 'Ж', 'Desiree Stout'),
(25, 'Clay', 'Yoshio', 'Ursula', 'М', 'Evan Patrick'),
(26, 'Hays', 'George', 'Lara', 'М', 'Karen Jefferson'),
(27, 'Huff', 'Sonya', 'Ursula', 'Ж', 'Clayton Livingston'),
(28, 'Yates', 'Lara', 'Noel', 'М', 'Duncan Chavez'),
(29, 'Suarez', 'Jamal', 'Shaeleigh', 'М', 'Sandra Graham'),
(30, 'Dorsey', 'Stone', 'Quinn', 'М', 'Hayden Mooney'),
(31, 'Shaffer', 'Curran', 'Georgia', 'М', 'Josephine Albert'),
(32, 'Cross', 'Audra', 'Michelle', 'Ж', 'Giacomo Hendricks'),
(33, 'Irwin', 'Allen', 'Amena', 'Ж', 'Xaviera Mack'),
(34, 'Wright', 'Charles', 'Alexa', 'М', 'Daria Burgess'),
(35, 'Bates', 'Adria', 'Kitra', 'М', 'Oprah Christian'),
(36, 'Kirby', 'Deirdre', 'Jessamine', 'М', 'Coby Gaines'),
(37, 'Sargent', 'Wing', 'Signe', 'Ж', 'Amery Coffey'),
(38, 'Joyner', 'Lael', 'Daphne', 'Ж', 'Rhonda Winters'),
(39, 'Travis', 'Dieter', 'Elizabeth', 'М', 'Zahir Blanchard'),
(40, 'Cotton', 'Yetta', 'Indira', 'Ж', 'Hilel Romero'),
(41, 'Winters', 'Zeus', 'Cynthia', 'М', 'Robin Finch'),
(42, 'Nolan', 'Whoopi', 'Shaine', 'М', 'Pandora Stanton'),
(43, 'Lindsay', 'Yolanda', 'Mira', 'М', 'Philip Wright'),
(44, 'Briggs', 'Rowan', 'Jana', 'Ж', 'Sydnee Irwin'),
(45, 'Knapp', 'Colby', 'Briar', 'Ж', 'Justine Shepard'),
(46, 'Bruce', 'Xantha', 'Yvonne', 'М', 'Mia Wilson'),
(47, 'Gilliam', 'Ethan', 'Megan', 'Ж', 'Conan Phelps'),
(48, 'Reynolds', 'Whoopi', 'Donna', 'Ж', 'Josiah Serrano'),
(49, 'Wright', 'Xandra', 'Calista', 'М', 'Urielle Vazquez'),
(50, 'Marshall', 'Clayton', 'Selma', 'Ж', 'Benedict Hodge'),
(51, 'Preston', 'Barry', 'Xandra', 'Ж', 'Ariel Montoya'),
(52, 'Mccall', 'Demetria', 'Delilah', 'М', 'Scarlett Kidd'),
(53, 'Cortez', 'Levi', 'Margaret', 'Ж', 'Mark Pugh'),
(54, 'Heath', 'Wanda', 'Rhea', 'Ж', 'Gage Chan'),
(55, 'Santiago', 'Madonna', 'Kameko', 'М', 'Alana Steele'),
(56, 'Reid', 'Noble', 'Rhonda', 'Ж', 'Marshall Fernandez'),
(57, 'Parker', 'Hayley', 'Ora', 'Ж', 'Jerry Patel'),
(58, 'Hays', 'Lucius', 'Hannah', 'Ж', 'Fay Montgomery'),
(59, 'Cummings', 'Wilma', 'Eliana', 'М', 'Valentine Hicks'),
(60, 'Carroll', 'Palmer', 'Roanna', 'Ж', 'Otto Poole'),
(61, 'Ratliff', 'Cullen', 'Mara', 'М', 'Lucian Drake'),
(62, 'Gibbs', 'Yoko', 'Serina', 'Ж', 'Mechelle Calhoun'),
(63, 'Tanner', 'Oprah', 'Michelle', 'Ж', 'Regan Mack'),
(64, 'Todd', 'Slade', 'Bo', 'М', 'Marshall Barnett'),
(65, 'Clements', 'Finn', 'Brenna', 'М', 'Kamal Shannon'),
(66, 'Flynn', 'Calvin', 'Myra', 'Ж', 'Valentine Hyde'),
(67, 'Guthrie', 'Colin', 'Martha', 'Ж', 'Dane Koch'),
(68, 'Warner', 'Christopher', 'Amena', 'М', 'Armand Donaldson'),
(69, 'Shaw', 'Rama', 'Camille', 'М', 'Amena Ayala'),
(70, 'Black', 'Haviva', 'Wynter', 'Ж', 'Ryder Floyd'),
(71, 'Rivera', 'Debra', 'Jillian', 'М', 'Willow Mcmahon'),
(72, 'Green', 'Hyatt', 'Fay', 'Ж', 'Fulton Pickett'),
(73, 'Huber', 'Fletcher', 'Jolene', 'Ж', 'Vaughan Bernard'),
(74, 'Wolf', 'Wade', 'Mara', 'Ж', 'Olga Kinney'),
(75, 'Munoz', 'Oscar', 'Liberty', 'Ж', 'Winifred Collins'),
(76, 'Galloway', 'Zachery', 'Montana', 'М', 'Travis Ratliff'),
(77, 'Mccormick', 'Tanner', 'Marcia', 'Ж', 'Nicole Ellison'),
(78, 'Haley', 'Damon', 'Donna', 'М', 'Chastity Bryan'),
(79, 'Key', 'Ryan', 'Mariam', 'Ж', 'Kenyon Keith'),
(80, 'Bruce', 'Ezra', 'Lilah', 'Ж', 'Nolan Conley'),
(81, 'Mendoza', 'Oprah', 'Zorita', 'Ж', 'Elmo Conner'),
(82, 'Mcfarland', 'Zachery', 'Bethany', 'Ж', 'Lenore Pruitt'),
(83, 'Sullivan', 'Zelenia', 'Carissa', 'Ж', 'Donovan Kelly'),
(84, 'Gutierrez', 'Hilda', 'Leah', 'Ж', 'Rina Valenzuela'),
(85, 'Anderson', 'Noelle', 'Ingrid', 'Ж', 'Heidi Galloway'),
(86, 'Cunningham', 'Zenaida', 'Audra', 'М', 'Fay Bryan'),
(87, 'Wiggins', 'MacKensie', 'Michelle', 'М', 'Griffin Le'),
(88, 'Harding', 'Lucas', 'Cathleen', 'М', 'Gail Ratliff'),
(89, 'Beard', 'Blythe', 'April', 'М', 'Cyrus Gaines'),
(90, 'Bailey', 'Molly', 'Kyra', 'Ж', 'Finn Rocha'),
(91, 'Hooper', 'Carl', 'Isabelle', 'Ж', 'Adrian Paul'),
(92, 'Becker', 'Sydney', 'Kirestin', 'Ж', 'Ezekiel Glass'),
(93, 'Fowler', 'Allegra', 'Ebony', 'М', 'Florence Saunders'),
(94, 'Larsen', 'Chelsea', 'Renee', 'Ж', 'Minerva Gross'),
(95, 'Lindsay', 'May', 'Rae', 'Ж', 'Addison Buckner'),
(96, 'Albert', 'Xantha', 'Daria', 'М', 'Cecilia Orr'),
(97, 'Nixon', 'Phoebe', 'Iona', 'М', 'Nigel Cross'),
(98, 'Hammond', 'Steven', 'Charity', 'Ж', 'Levi Caldwell'),
(99, 'Whitfield', 'Jordan', 'Scarlett', 'М', 'Wallace Shields'),
(100, 'Workman', 'Karleigh', 'Keely', 'Ж', 'Callie Davis'),
(101, 'Watson', 'Kevin', 'Riley', 'М', 'Cullen Reyes'),
(102, 'Terry', 'Tallulah', 'Libby', 'Ж', 'Erich Gates'),
(103, 'Gallegos', 'Larissa', 'Ciara', 'Ж', 'Abbot Webb'),
(104, 'Ramos', 'Merritt', 'Colleen', 'Ж', 'Imelda Noble'),
(105, 'West', 'Quinn', 'Halee', 'Ж', 'Ruth Cain'),
(106, 'Hughes', 'Mufutau', 'Clare', 'М', 'Anika Merrill'),
(107, 'Chaney', 'Slade', 'Demetria', 'Ж', 'Ashton Everett'),
(108, 'Riley', 'Scott', 'Rina', 'Ж', 'Tanner Casey'),
(109, 'Rosales', 'Ashton', 'Leigh', 'М', 'Maris Hogan'),
(110, 'Woodard', 'Kennedy', 'Remedios', 'Ж', 'Nissim Ryan'),
(111, 'Dominguez', 'Giselle', 'Vielka', 'М', 'Zeph Sims'),
(112, 'Kelley', 'Justine', 'Sonia', 'М', 'Rowan Pacheco'),
(113, 'Hewitt', 'Aline', 'Vielka', 'Ж', 'Yvette Martin'),
(114, 'Quinn', 'Flavia', 'Sybill', 'Ж', 'Lawrence Browning'),
(115, 'Clayton', 'Iris', 'Ayanna', 'М', 'Clinton Guerra'),
(116, 'Dunn', 'Kiayada', 'Hayfa', 'М', 'Jade Hendrix'),
(117, 'Carter', 'Candice', 'Ruth', 'М', 'Amena Higgins'),
(118, 'Daniel', 'Emery', 'Gillian', 'Ж', 'Guinevere Garza'),
(119, 'Bender', 'Eaton', 'Ingrid', 'М', 'Ima Shaw'),
(120, 'Hodges', 'Vielka', 'Shana', 'М', 'Roth Tillman'),
(121, 'Cole', 'Chastity', 'Stephanie', 'М', 'Jacob Hopkins'),
(122, 'Buckley', 'Otto', 'Elizabeth', 'Ж', 'Hadley Jarvis'),
(123, 'Farrell', 'Paul', 'Aurora', 'М', 'Imogene Cardenas'),
(124, 'Frye', 'Anne', 'Oprah', 'М', 'Madeline Harvey'),
(125, 'Ortiz', 'Chanda', 'Cameran', 'Ж', 'Dylan Humphrey'),
(126, 'Kerr', 'Orson', 'Emily', 'Ж', 'Kirk Shaw'),
(127, 'Adkins', 'Richard', 'Lara', 'Ж', 'Sylvester Howe'),
(128, 'Mcknight', 'Nayda', 'Audrey', 'Ж', 'Luke Velasquez'),
(129, 'Moon', 'Judah', 'Lillian', 'Ж', 'Drake Kirk'),
(130, 'Faulkner', 'Shad', 'Remedios', 'Ж', 'Audra Craft'),
(131, 'Hurst', 'Tobias', 'Summer', 'М', 'Hasad Clarke'),
(132, 'Hudson', 'Magee', 'Robin', 'Ж', 'Ora Navarro'),
(133, 'Hahn', 'Donovan', 'Nola', 'М', 'Murphy Joseph'),
(134, 'Holmes', 'Hakeem', 'Yen', 'Ж', 'Justine Howard'),
(135, 'Conner', 'Maxine', 'Elaine', 'Ж', 'Juliet Holder'),
(136, 'Glover', 'Jared', 'Charde', 'Ж', 'Leah Sears'),
(137, 'Williamson', 'Jessamine', 'Germane', 'Ж', 'Ashely Jensen'),
(138, 'Blackburn', 'Abdul', 'Penelope', 'Ж', 'Kenneth Cruz'),
(139, 'Schultz', 'Graham', 'Emi', 'Ж', 'Drake Hartman'),
(140, 'Griffith', 'Vance', 'Darrel', 'Ж', 'Christian Park'),
(141, 'Zimmerman', 'Ryder', 'Regan', 'Ж', 'Nora Simmons'),
(142, 'Cotton', 'Brenda', 'Lunea', 'Ж', 'Daquan David'),
(143, 'Lopez', 'Leigh', 'Rhiannon', 'М', 'Shea Freeman'),
(144, 'Blevins', 'Kylynn', 'Pearl', 'Ж', 'Lael Aguirre'),
(145, 'Morgan', 'Keaton', 'Melissa', 'М', 'Aspen Barlow'),
(146, 'Melton', 'Kyla', 'Minerva', 'М', 'Sigourney Ingram'),
(147, 'Compton', 'Renee', 'Calista', 'М', 'Omar Frazier'),
(148, 'Robinson', 'Brenda', 'Quintessa', 'Ж', 'Minerva Medina'),
(149, 'Jimenez', 'Zeph', 'India', 'М', 'Sara Love'),
(150, 'Gonzalez', 'Slade', 'Demetria', 'Ж', 'Noah Gallagher'),
(151, 'Bender', 'Rahim', 'Noel', 'М', 'Chaney Mayo'),
(152, 'Barrera', 'Kato', 'Jael', 'Ж', 'Richard Doyle'),
(153, 'Luna', 'Sigourney', 'Yael', 'М', 'Arden Spencer'),
(154, 'Vaughan', 'Leandra', 'Gail', 'М', 'Bevis Velez'),
(155, 'Shepard', 'Tyler', 'Camille', 'Ж', 'Abdul Torres'),
(156, 'Bradley', 'Dawn', 'Tanisha', 'М', 'Lawrence Matthews'),
(157, 'Saunders', 'Stone', 'Nola', 'М', 'Ifeoma Roth'),
(158, 'Morse', 'Alec', 'Elaine', 'М', 'Raven Roach'),
(159, 'Ratliff', 'Dorothy', 'Sonya', 'Ж', 'Colorado Frank'),
(160, 'Bird', 'Jarrod', 'Priscilla', 'Ж', 'Dorothy Alexander'),
(161, 'Mercado', 'Amery', 'Aphrodite', 'Ж', 'Tobias Jordan'),
(162, 'Jenkins', 'Kerry', 'Roary', 'М', 'Reese Norton'),
(163, 'Atkins', 'Hilel', 'Anastasia', 'Ж', 'Charles Talley'),
(164, 'Oneal', 'Cathleen', 'Lynn', 'Ж', 'Zachery Mayer'),
(165, 'Rogers', 'Uta', 'Sonya', 'М', 'Elaine Winters'),
(166, 'Hays', 'Zephr', 'Marny', 'Ж', 'Rhonda Burns'),
(167, 'Wood', 'Alexis', 'Alice', 'М', 'Gregory Rivera'),
(168, 'Hutchinson', 'Nigel', 'Leilani', 'М', 'Dolan Gonzales'),
(169, 'Becker', 'Hector', 'Nora', 'Ж', 'Harriet Holt'),
(170, 'Fischer', 'Lysandra', 'Irma', 'М', 'Hadassah Mcneil'),
(171, 'Montgomery', 'Meghan', 'Tara', 'М', 'Germane Shepherd'),
(172, 'Hooper', 'Rose', 'Guinevere', 'Ж', 'Jena Craft'),
(173, 'Ferguson', 'Jemima', 'Nina', 'М', 'Plato Castaneda'),
(174, 'Alvarado', 'Mufutau', 'Unity', 'М', 'Felix Houston'),
(175, 'Pearson', 'Nola', 'Kirestin', 'М', 'Mariko Wong'),
(176, 'Burton', 'Christian', 'Vivian', 'М', 'Gemma Meadows'),
(177, 'Whitaker', 'Wang', 'Ashely', 'М', 'Brennan Cain'),
(178, 'Noble', 'Rahim', 'Galena', 'М', 'Charissa Huff'),
(179, 'Sears', 'Tanisha', 'Carly', 'М', 'Candace Bullock'),
(180, 'Morse', 'Abigail', 'Mona', 'М', 'Forrest Cross'),
(181, 'Thomas', 'Cheryl', 'Pearl', 'М', 'Ariel Davidson'),
(182, 'Rose', 'Louis', 'Lacy', 'М', 'Tatiana Baird'),
(183, 'Dunlap', 'Nina', 'Chantale', 'М', 'Shelley Barton'),
(184, 'Lucas', 'Hayfa', 'Tara', 'Ж', 'Blossom Sloan'),
(185, 'Hamilton', 'Daria', 'Priscilla', 'Ж', 'Kenneth Salas'),
(186, 'Kinney', 'Yvette', 'Kylynn', 'М', 'Timon Kaufman'),
(187, 'Bridges', 'Cheyenne', 'Shay', 'М', 'Ifeoma Craft'),
(188, 'Aguirre', 'Brett', 'Shafira', 'М', 'Callum Dickerson'),
(189, 'Rogers', 'Eleanor', 'Lana', 'М', 'Ignacia Stewart'),
(190, 'Snyder', 'Tucker', 'Briar', 'Ж', 'Halee Golden'),
(191, 'Kennedy', 'Brody', 'Maya', 'М', 'Vincent Rowe'),
(192, 'Levy', 'Lysandra', 'Judith', 'Ж', 'Hilary Herrera'),
(193, 'Potter', 'Giselle', 'Colleen', 'М', 'Ivan Crane'),
(194, 'Schwartz', 'Grady', 'Mechelle', 'М', 'Maris Curry'),
(195, 'Glenn', 'Mia', 'Gemma', 'М', 'Nissim Beck'),
(196, 'Carver', 'Steven', 'Justina', 'Ж', 'Ian James'),
(197, 'Camacho', 'Sasha', 'Bianca', 'Ж', 'Conan Gamble'),
(198, 'Santos', 'Hedda', 'Stacy', 'Ж', 'Quintessa Copeland'),
(199, 'Horton', 'Bert', 'Nina', 'Ж', 'Carson Powell'),
(200, 'Oneal', 'Leo', 'Paloma', 'Ж', 'Anjolie Hurst'),
(201, 'Pollard', 'Solomon', 'Idola', 'Ж', 'Emmanuel Poole'),
(202, 'Fischer', 'Maxine', 'Dara', 'М', 'Josiah Campbell'),
(203, 'Hines', 'Charles', 'Farrah', 'Ж', 'Kerry Jarvis'),
(204, 'Mclean', 'Mechelle', 'Sybil', 'Ж', 'David Brown'),
(205, 'Schmidt', 'Wyoming', 'Nell', 'М', 'Giacomo Terry'),
(206, 'Moreno', 'Whilemina', 'Phoebe', 'М', 'Tamara Bauer'),
(207, 'Flowers', 'Claudia', 'Deborah', 'Ж', 'Ignacia Vazquez'),
(208, 'Boone', 'Scott', 'Clare', 'М', 'Destiny Michael'),
(209, 'Whitfield', 'Melyssa', 'Olivia', 'Ж', 'Isadora Mcdaniel'),
(210, 'Acosta', 'Gray', 'Remedios', 'М', 'Doris Yates'),
(211, 'Vaughan', 'Tasha', 'Sylvia', 'М', 'Zane Ellison'),
(212, 'Riggs', 'Haley', 'Lisandra', 'М', 'Whoopi Stevenson'),
(213, 'Hodges', 'Jameson', 'Signe', 'Ж', 'Cain Jordan'),
(214, 'Maynard', 'Thaddeus', 'Cora', 'М', 'Clayton Peters'),
(215, 'Cash', 'Petra', 'Paloma', 'Ж', 'Cade Russo'),
(216, 'Daniel', 'Kai', 'Alexandra', 'Ж', 'Clinton Gonzales'),
(217, 'Colon', 'Kaitlin', 'Shafira', 'Ж', 'Brian Mcgowan'),
(218, 'Yates', 'Melvin', 'Amelia', 'Ж', 'Declan Carter'),
(219, 'Wallace', 'Kamal', 'Cora', 'М', 'Brendan Cooke'),
(220, 'Grimes', 'Nina', 'Zenia', 'Ж', 'Brett Ball'),
(221, 'Stein', 'Burton', 'Ora', 'Ж', 'Nash Boyle'),
(222, 'Hoffman', 'Ursa', 'Jemima', 'М', 'Mikayla Talley'),
(223, 'Ochoa', 'Wang', 'Phoebe', 'Ж', 'Chaney Rivas'),
(224, 'Gill', 'Fritz', 'Cynthia', 'М', 'Keith Navarro'),
(225, 'William', 'Francis', 'Helen', 'Ж', 'Shelley Reese'),
(226, 'Wilson', 'Mary', 'Quyn', 'М', 'Alvin Flores'),
(227, 'Herman', 'Demetria', 'Chloe', 'М', 'Blake Figueroa'),
(228, 'Flowers', 'Autumn', 'Bell', 'Ж', 'Stacy Langley'),
(229, 'Massey', 'Myles', 'Ashely', 'Ж', 'Pandora Malone'),
(230, 'Calderon', 'Keegan', 'Aileen', 'Ж', 'Kessie Montoya'),
(231, 'Jones', 'Hayden', 'Charlotte', 'Ж', 'Beck Hood'),
(232, 'Walls', 'Yolanda', 'Cassandra', 'Ж', 'Stuart Mueller'),
(233, 'Grant', 'Lawrence', 'Yuri', 'Ж', 'Shannon Richmond'),
(234, 'Frederick', 'Xanthus', 'Candace', 'Ж', 'Nichole Osborne'),
(235, 'Leon', 'Aretha', 'Cara', 'М', 'Brynne Roth'),
(236, 'Miles', 'Blossom', 'Kirestin', 'М', 'Hedwig Arnold'),
(237, 'O\'brien', 'Ariana', 'Rachel', 'М', 'Cara Barlow'),
(238, 'Beard', 'Laurel', 'MacKenzie', 'М', 'Shannon Knox'),
(239, 'Bates', 'Macy', 'Doris', 'Ж', 'Yoko Perry'),
(240, 'Rosario', 'Bernard', 'Wanda', 'М', 'Tarik Steele'),
(241, 'Fowler', 'Daryl', 'Brenda', 'М', 'Celeste Skinner'),
(242, 'Downs', 'Bruce', 'Sade', 'Ж', 'Molly Delacruz'),
(243, 'Knapp', 'Faith', 'Galena', 'М', 'Josephine Merrill'),
(244, 'Brooks', 'Cain', 'Whitney', 'М', 'Yasir Herrera'),
(245, 'Alvarez', 'Catherine', 'Hadassah', 'М', 'Cole Preston'),
(246, 'Swanson', 'Geoffrey', 'Brianna', 'М', 'Conan Glover'),
(247, 'Watson', 'Amela', 'Carla', 'М', 'Salvador Puckett'),
(248, 'Rios', 'Jorden', 'Karyn', 'М', 'Odysseus Buck'),
(249, 'Johnston', 'Dahlia', 'Beverly', 'Ж', 'Hayden Perry'),
(250, 'Hayden', 'Lillith', 'September', 'М', 'Stuart Stewart'),
(251, 'Stout', 'Gray', 'Alexandra', 'Ж', 'Gil Carey'),
(252, 'Wise', 'Elton', 'Kylynn', 'М', 'Kalia Blake'),
(253, 'Skinner', 'Calvin', 'Simone', 'М', 'Rinah Stephenson'),
(254, 'Townsend', 'Judith', 'Iona', 'Ж', 'Kelsie Fulton'),
(255, 'Wood', 'Madeline', 'Illana', 'М', 'Tasha Shaw'),
(256, 'Hayden', 'Bell', 'Denise', 'Ж', 'Arsenio Hensley'),
(257, 'Mcgowan', 'Kylee', 'Phoebe', 'М', 'Bradley Franco'),
(258, 'Hines', 'Harper', 'Yvette', 'М', 'Lane Smith'),
(259, 'Singleton', 'David', 'Kay', 'Ж', 'Forrest Underwood'),
(260, 'Pacheco', 'Charissa', 'Briar', 'М', 'Moana Mayer'),
(261, 'Rowland', 'Mari', 'Jocelyn', 'М', 'Quyn Stone'),
(262, 'Craig', 'Ulric', 'Quin', 'М', 'Jelani Middleton'),
(263, 'Craig', 'Hamish', 'Ciara', 'М', 'Portia Guzman'),
(264, 'Glenn', 'Graiden', 'Cora', 'Ж', 'Heather Ewing'),
(265, 'Gardner', 'Jason', 'Miranda', 'Ж', 'Lenore Kane'),
(266, 'Simmons', 'Julie', 'Kitra', 'Ж', 'Chanda Clarke'),
(267, 'Burris', 'Dorian', 'Uma', 'Ж', 'Oscar Donovan'),
(268, 'Coleman', 'Raja', 'Jennifer', 'М', 'Honorato Martin'),
(269, 'Tanner', 'Lynn', 'Althea', 'Ж', 'Kevyn Harris'),
(270, 'Blankenship', 'Aline', 'Astra', 'Ж', 'Evan Beard'),
(271, 'Foreman', 'Merrill', 'Orli', 'Ж', 'Kenyon Little'),
(272, 'Glenn', 'Jakeem', 'Candice', 'Ж', 'Dacey Drake'),
(273, 'Boyer', 'Ralph', 'Idola', 'Ж', 'Sacha Bennett'),
(274, 'Rivas', 'Gannon', 'May', 'М', 'Adam Patterson'),
(275, 'Lynn', 'Roanna', 'Nadine', 'М', 'Dolan Mcintosh'),
(276, 'Boyle', 'Tyler', 'Rhoda', 'Ж', 'Yuli Ramos'),
(277, 'Lara', 'Naida', 'Bryar', 'М', 'Armand Valencia'),
(278, 'Terry', 'Vance', 'Lacota', 'М', 'Castor Witt'),
(279, 'Chan', 'Jorden', 'Maisie', 'М', 'Tanner Brooks'),
(280, 'Blair', 'Sharon', 'Latifah', 'Ж', 'Oren Cameron'),
(281, 'Velazquez', 'Jorden', 'Lani', 'Ж', 'Jolie Mccoy'),
(282, 'Lewis', 'Francis', 'Hilda', 'Ж', 'Fuller Daugherty'),
(283, 'Jennings', 'Willa', 'Brianna', 'М', 'Sonya Avery'),
(284, 'Pickett', 'Leigh', 'Yvette', 'М', 'Lael Hartman'),
(285, 'Barber', 'Felicia', 'Maggy', 'Ж', 'Jemima Chapman'),
(286, 'Noble', 'Julian', 'Elaine', 'М', 'Cassady Kelly'),
(287, 'Snow', 'Charles', 'Chava', 'М', 'Samson Carr'),
(288, 'Patterson', 'Lionel', 'Jamalia', 'М', 'Fuller Zamora'),
(289, 'Stanton', 'Ivy', 'Abra', 'М', 'Palmer Woodard'),
(290, 'Hull', 'Brady', 'Melinda', 'Ж', 'Kyle England'),
(291, 'Stephenson', 'Jordan', 'Carissa', 'М', 'Amery Burns'),
(292, 'Greer', 'Walker', 'Kelly', 'Ж', 'Grant Wilcox'),
(293, 'Wise', 'Minerva', 'Chantale', 'Ж', 'Candace Perez'),
(294, 'Maynard', 'Leigh', 'Ciara', 'М', 'Armando Wilson'),
(295, 'Benson', 'Elizabeth', 'Lois', 'М', 'Darrel O\'brien'),
(296, 'Wilcox', 'Ira', 'Meghan', 'М', 'Yen Bradshaw'),
(297, 'Nixon', 'Bruce', 'Aiko', 'М', 'Chelsea Cantu'),
(298, 'Lyons', 'Calista', 'Leslie', 'М', 'August Tran'),
(299, 'Wright', 'Paul', 'Dana', 'Ж', 'Zenaida Walters'),
(300, 'Flowers', 'Philip', 'Germane', 'М', 'Stephen Farrell'),
(301, 'Graves', 'Gretchen', 'Joan', 'Ж', 'Colin Blanchard'),
(302, 'Pace', 'Magee', 'Quinn', 'М', 'Lisandra Harrington'),
(303, 'Sargent', 'Walker', 'Iona', 'Ж', 'Keelie Kirby'),
(304, 'Navarro', 'Hamilton', 'Blythe', 'М', 'Melvin Coffey'),
(305, 'Farmer', 'Rooney', 'Odessa', 'Ж', 'Fleur Nieves'),
(306, 'Jordan', 'Walter', 'Kirby', 'Ж', 'Judah Neal'),
(307, 'Mcmillan', 'Amos', 'Phoebe', 'Ж', 'Alan Ellison'),
(308, 'Nieves', 'Jin', 'Jaime', 'Ж', 'Acton Weeks'),
(309, 'Mathews', 'Megan', 'Shaine', 'Ж', 'Zachery Callahan'),
(310, 'Parker', 'Mohammad', 'Cathleen', 'Ж', 'Quinn Barlow'),
(311, 'Dennis', 'Kenneth', 'Karly', 'Ж', 'Lamar Fisher'),
(312, 'Fuentes', 'Aladdin', 'Nevada', 'М', 'Paloma Ellison'),
(313, 'West', 'Daquan', 'Nayda', 'М', 'Latifah Carr'),
(314, 'Freeman', 'Claire', 'Chava', 'Ж', 'Forrest Wiley'),
(315, 'Nunez', 'Talon', 'Ingrid', 'Ж', 'Edward Andrews'),
(316, 'Ross', 'Keane', 'Macy', 'Ж', 'Fritz Hamilton'),
(317, 'Norton', 'Chaney', 'Abra', 'Ж', 'Griffith Fernandez'),
(318, 'Cooper', 'Astra', 'Haley', 'Ж', 'Gregory Green'),
(319, 'May', 'Finn', 'Athena', 'М', 'TaShya Emerson'),
(320, 'Walls', 'Keane', 'Brooke', 'М', 'Walker Gould'),
(321, 'Nixon', 'Kyra', 'MacKenzie', 'М', 'Hyatt Burch'),
(322, 'Woodard', 'Uma', 'Eugenia', 'М', 'Amber Kim'),
(323, 'Zamora', 'Richard', 'Ann', 'М', 'Callie Horne'),
(324, 'Tanner', 'Jaquelyn', 'Stacy', 'М', 'Zahir Horn'),
(325, 'Dawson', 'Keegan', 'Martena', 'Ж', 'Mira Rasmussen'),
(326, 'Fitzgerald', 'Jocelyn', 'Cathleen', 'Ж', 'George Mendez'),
(327, 'Blackburn', 'Alexander', 'Keelie', 'Ж', 'Libby Craft'),
(328, 'Figueroa', 'Jane', 'Freya', 'Ж', 'Colette Silva'),
(329, 'Mcleod', 'Giselle', 'Savannah', 'Ж', 'Orson Graves'),
(330, 'Jefferson', 'Gisela', 'Maia', 'М', 'Evelyn Willis'),
(331, 'Mcdonald', 'Wyatt', 'Ivory', 'Ж', 'Amaya Luna'),
(332, 'Mullen', 'Liberty', 'Bell', 'Ж', 'Nicholas Mcclain'),
(333, 'Williamson', 'Conan', 'Katell', 'Ж', 'Amber Stuart'),
(334, 'Summers', 'Kai', 'Mallory', 'М', 'Elvis Tillman'),
(335, 'Pace', 'Kylie', 'Roary', 'Ж', 'Katelyn Jarvis'),
(336, 'Harmon', 'Phillip', 'Amaya', 'Ж', 'Abraham Brewer'),
(337, 'Tillman', 'Meghan', 'Quail', 'М', 'Victor Hobbs'),
(338, 'Leach', 'Quail', 'Ariel', 'М', 'Felicia Anthony'),
(339, 'Marks', 'Dara', 'Hanae', 'Ж', 'Aretha Bartlett'),
(340, 'Eaton', 'Igor', 'Dominique', 'М', 'Ariel Vaughn'),
(341, 'Atkinson', 'Akeem', 'Kelsey', 'Ж', 'Ava Riley'),
(342, 'Alexander', 'Ramona', 'Kathleen', 'М', 'Jada English'),
(343, 'Barber', 'Nathaniel', 'Piper', 'Ж', 'Astra Snow'),
(344, 'Cantrell', 'Wynter', 'Moana', 'Ж', 'Clayton Spencer'),
(345, 'Caldwell', 'Lysandra', 'Desiree', 'Ж', 'Nelle Underwood'),
(346, 'Burnett', 'Ezra', 'Britanni', 'Ж', 'Hector Mckenzie'),
(347, 'Mullen', 'Martha', 'Carissa', 'Ж', 'Scarlet Humphrey'),
(348, 'Decker', 'Moana', 'September', 'Ж', 'Ariel Wiggins'),
(349, 'Wilcox', 'Callum', 'Delilah', 'Ж', 'Demetrius Cooke'),
(350, 'Serrano', 'Silas', 'Idola', 'М', 'Haley Bradshaw'),
(351, 'Juarez', 'Jenna', 'Joy', 'М', 'Jerry Washington'),
(352, 'Vang', 'Catherine', 'Liberty', 'Ж', 'Phillip Mccray'),
(353, 'Barr', 'Ryan', 'Idola', 'Ж', 'Sierra Small'),
(354, 'Wynn', 'Claudia', 'Miriam', 'М', 'Echo Moon'),
(355, 'Atkins', 'Xyla', 'Orli', 'Ж', 'Audrey Fry'),
(356, 'Battle', 'Holly', 'Mechelle', 'М', 'Steven Lawson'),
(357, 'Mcgee', 'Sade', 'Tatum', 'Ж', 'Yasir Parsons'),
(358, 'Tucker', 'Elton', 'Sasha', 'Ж', 'Doris Bailey'),
(359, 'Chandler', 'Ora', 'Wyoming', 'Ж', 'Jasper Morales'),
(360, 'Mcguire', 'Jin', 'Jada', 'М', 'Mallory Herrera'),
(361, 'Lawson', 'Delilah', 'Maile', 'М', 'Buckminster Crane'),
(362, 'Reyes', 'Rhona', 'Claire', 'М', 'Basil Hendrix'),
(363, 'Scott', 'Yuri', 'Jade', 'М', 'Idola Mann'),
(364, 'Atkins', 'Keaton', 'Kalia', 'Ж', 'Daniel Branch'),
(365, 'Bullock', 'Bree', 'Patience', 'М', 'Ruby Cantu'),
(366, 'Carroll', 'Kiayada', 'Kai', 'Ж', 'Nichole Francis'),
(367, 'Foreman', 'Kasimir', 'Adara', 'Ж', 'Brenna Reid'),
(368, 'Vance', 'Idona', 'Maite', 'Ж', 'Chantale Mays'),
(369, 'Foreman', 'Sawyer', 'Flavia', 'Ж', 'Rogan Mcfadden'),
(370, 'Terry', 'Guinevere', 'Shaeleigh', 'М', 'Hedda Bartlett'),
(371, 'Garner', 'Lesley', 'Reagan', 'М', 'Eagan Dillon'),
(372, 'Dominguez', 'James', 'Kitra', 'М', 'Mara Ware'),
(373, 'Mullen', 'Camille', 'Fatima', 'М', 'Germaine Haley'),
(374, 'Cobb', 'Stephen', 'Minerva', 'М', 'Justin Hood'),
(375, 'Carver', 'Ryder', 'Irene', 'М', 'Mark Schneider'),
(376, 'Mcdonald', 'Brett', 'Colleen', 'Ж', 'Ori Chang'),
(377, 'Rasmussen', 'Wyatt', 'Rinah', 'М', 'Graiden Hooper'),
(378, 'Murphy', 'Brynne', 'Jana', 'М', 'Fuller Hodges'),
(379, 'Wong', 'Kenyon', 'Holly', 'М', 'Carter Gilmore'),
(380, 'Dixon', 'Jael', 'Miriam', 'Ж', 'Eric Perez'),
(381, 'Kemp', 'Penelope', 'Veda', 'Ж', 'Sharon Anthony'),
(382, 'Barker', 'Cassady', 'Hedy', 'М', 'Charles Orr'),
(383, 'Mathews', 'Bell', 'Dominique', 'М', 'Maite Little'),
(384, 'Burt', 'Reese', 'Unity', 'Ж', 'Derek Acevedo'),
(385, 'Fitzpatrick', 'Calvin', 'Janna', 'Ж', 'Beatrice Goff'),
(386, 'Hendrix', 'Abel', 'Octavia', 'Ж', 'Xyla Meyers'),
(387, 'Leach', 'Indigo', 'Melanie', 'М', 'Honorato Young'),
(388, 'Aguirre', 'Courtney', 'Eleanor', 'Ж', 'Ivy Schneider'),
(389, 'Kerr', 'Ramona', 'Alexa', 'Ж', 'Sacha Dejesus'),
(390, 'Yates', 'Sebastian', 'Mikayla', 'М', 'Vincent Montgomery'),
(391, 'Fletcher', 'Gray', 'Neve', 'М', 'Chadwick Clayton'),
(392, 'Burnett', 'Dennis', 'Cara', 'М', 'Shelly Sloan'),
(393, 'Mathews', 'Vernon', 'Shoshana', 'М', 'Debra Marsh'),
(394, 'Cameron', 'Vance', 'Chiquita', 'Ж', 'Breanna Michael'),
(395, 'Blackwell', 'Uriah', 'Heather', 'Ж', 'Cody Larson'),
(396, 'Whitney', 'Signe', 'Amena', 'М', 'Igor Finley'),
(397, 'Montoya', 'Shad', 'Lunea', 'Ж', 'Nero Cruz'),
(398, 'Rivas', 'Maile', 'Evangeline', 'Ж', 'Lilah Ayala'),
(399, 'Tucker', 'Christian', 'Paula', 'Ж', 'Zelda Livingston'),
(400, 'Knight', 'Cassidy', 'Joan', 'М', 'Kay Houston'),
(401, 'Lane', 'Allen', 'Ruth', 'Ж', 'Chastity Lane'),
(402, 'Kaufman', 'Gregory', 'Hiroko', 'Ж', 'Clarke Perez'),
(403, 'Rocha', 'Jaquelyn', 'Hilary', 'Ж', 'Pandora Irwin'),
(404, 'Roman', 'Jaime', 'Kylee', 'М', 'Zachery Best'),
(405, 'Boone', 'Clio', 'Kylynn', 'Ж', 'Rina Sampson'),
(406, 'Craig', 'Kato', 'Fay', 'Ж', 'Warren Shelton'),
(407, 'Curtis', 'Rahim', 'Charlotte', 'Ж', 'Jesse Bentley'),
(408, 'Solomon', 'Tatum', 'Roary', 'Ж', 'Rahim Bowen'),
(409, 'Carrillo', 'Colorado', 'Lilah', 'М', 'Lacota Prince'),
(410, 'Santos', 'Fulton', 'Halee', 'М', 'Amal Blankenship'),
(411, 'Russo', 'Hedda', 'Teagan', 'Ж', 'Jermaine Robles'),
(412, 'Campbell', 'John', 'Jana', 'М', 'Danielle Hale'),
(413, 'Newton', 'Lester', 'Lois', 'Ж', 'Uta Stanton'),
(414, 'Lloyd', 'Dieter', 'Myra', 'М', 'Flynn Wilkinson'),
(415, 'Powers', 'Maite', 'Nichole', 'М', 'Aidan Walton'),
(416, 'Boone', 'Phelan', 'Gwendolyn', 'Ж', 'Mary Farrell'),
(417, 'Gilliam', 'Cyrus', 'Zena', 'М', 'Allen Rivas'),
(418, 'Welch', 'Asher', 'Willa', 'М', 'Lavinia Rogers'),
(419, 'Jones', 'Daphne', 'Hilary', 'М', 'Amir Blackwell'),
(420, 'Weiss', 'Beatrice', 'Leah', 'М', 'Rahim Collins'),
(421, 'Franks', 'Gareth', 'Orli', 'М', 'Martin Wooten'),
(422, 'Morales', 'Oscar', 'Meghan', 'М', 'Wyatt Stevenson'),
(423, 'Byers', 'Winter', 'Lillith', 'Ж', 'Dale Dunn'),
(424, 'Foley', 'Merrill', 'Allegra', 'Ж', 'Uriel Flores'),
(425, 'Cash', 'Chandler', 'Savannah', 'М', 'Reece Chandler'),
(426, 'Woodard', 'Chiquita', 'Nevada', 'Ж', 'Nina Chapman'),
(427, 'Ortiz', 'Anthony', 'Yetta', 'М', 'Kasimir Murphy'),
(428, 'Decker', 'Ann', 'Nora', 'Ж', 'Jessamine Kirkland'),
(429, 'Cobb', 'Lana', 'Cassandra', 'М', 'Leilani Simpson'),
(430, 'Durham', 'Honorato', 'Clementine', 'М', 'Noah Foley'),
(431, 'Gentry', 'Renee', 'Ulla', 'М', 'Ann Welch'),
(432, 'Lynn', 'Leilani', 'Rosalyn', 'Ж', 'Octavia Buckner'),
(433, 'Spears', 'Kelsey', 'Demetria', 'М', 'Gray Cummings'),
(434, 'Joyner', 'Xanthus', 'Janna', 'М', 'Fritz Montoya'),
(435, 'Mcdonald', 'Ivy', 'Unity', 'Ж', 'Hermione Mason'),
(436, 'Flowers', 'Alexa', 'Erica', 'М', 'Emerald Miles'),
(437, 'Lee', 'Leah', 'Bryar', 'Ж', 'Brennan Paul'),
(438, 'Warner', 'Adele', 'Jaime', 'Ж', 'Cedric Blackburn'),
(439, 'Caldwell', 'Tate', 'Danielle', 'М', 'Nigel Zamora'),
(440, 'Moody', 'Tobias', 'Lenore', 'М', 'Ria Logan'),
(441, 'Villarreal', 'Grace', 'Jescie', 'Ж', 'Tanner Morgan'),
(442, 'Barr', 'Justina', 'Hermione', 'Ж', 'Stacey Herring'),
(443, 'Good', 'Joshua', 'Bethany', 'М', 'Quinn Barlow'),
(444, 'Chaney', 'Melissa', 'Rebekah', 'М', 'Barclay Franco'),
(445, 'Holden', 'Slade', 'Aspen', 'Ж', 'Gwendolyn Harvey'),
(446, 'Juarez', 'Cally', 'Gemma', 'М', 'Kevin Bullock'),
(447, 'Macdonald', 'Ferris', 'Serena', 'М', 'Ayanna Moore'),
(448, 'Anderson', 'Athena', 'Maile', 'М', 'Amelia Cherry'),
(449, 'Farmer', 'Sasha', 'Kirestin', 'М', 'Isaiah Pena'),
(450, 'Peterson', 'Jerry', 'Kylee', 'М', 'Gary Moon'),
(451, 'Rivers', 'Ian', 'Brynn', 'М', 'Hayden Mills'),
(452, 'Lang', 'Britanney', 'Shoshana', 'М', 'Moana Hardin'),
(453, 'Mitchell', 'Carter', 'Gisela', 'Ж', 'Graiden Hewitt'),
(454, 'Stanton', 'Callie', 'Cheyenne', 'Ж', 'Quentin Stevens'),
(455, 'Hickman', 'Aspen', 'Flavia', 'М', 'Brody Velazquez'),
(456, 'Diaz', 'Dale', 'Helen', 'Ж', 'Latifah Vega'),
(457, 'Haley', 'Idona', 'Sybill', 'М', 'Keelie English'),
(458, 'Banks', 'Zelenia', 'Jayme', 'М', 'Penelope Pickett'),
(459, 'Joseph', 'Michael', 'Skyler', 'Ж', 'Todd Booker'),
(460, 'Gilliam', 'Silas', 'Indigo', 'Ж', 'Iola Stein'),
(461, 'Beasley', 'Kirk', 'Kim', 'М', 'Damon Jimenez'),
(462, 'Hickman', 'Akeem', 'Illana', 'М', 'Tiger Joyce'),
(463, 'Keller', 'Miriam', 'Kirsten', 'М', 'Uriel Mccoy'),
(464, 'Lee', 'Moana', 'Eve', 'М', 'Jenette Wallace'),
(465, 'Rowe', 'Randall', 'Calista', 'Ж', 'Kay Patterson'),
(466, 'Bradley', 'Dai', 'Clio', 'Ж', 'Ethan Acevedo'),
(467, 'Levy', 'Calista', 'Ila', 'М', 'Dieter Mcclure'),
(468, 'Mccarthy', 'Arsenio', 'Brielle', 'Ж', 'Kimberley Douglas'),
(469, 'Workman', 'Zahir', 'Sacha', 'М', 'Melissa Smith'),
(470, 'Hammond', 'Joel', 'Ora', 'М', 'Duncan Carpenter'),
(471, 'Joseph', 'Paul', 'Renee', 'Ж', 'Jerome Macdonald'),
(472, 'Perkins', 'Troy', 'Remedios', 'Ж', 'Hu Slater'),
(473, 'Foreman', 'Chadwick', 'Ulla', 'Ж', 'Kyle Strickland'),
(474, 'Little', 'Colin', 'Rhiannon', 'М', 'Justine Waters'),
(475, 'Nolan', 'Cassidy', 'Haviva', 'Ж', 'Kiara Workman'),
(476, 'Hampton', 'Riley', 'Bell', 'Ж', 'Jennifer Blair'),
(477, 'Merrill', 'Tanek', 'Charde', 'М', 'Astra Gibson'),
(478, 'Mclean', 'Heather', 'Mary', 'Ж', 'Chancellor Harrison'),
(479, 'Woodard', 'Ethan', 'Rebekah', 'Ж', 'Yeo Montoya'),
(480, 'Mccoy', 'Gretchen', 'Ivy', 'М', 'Clayton Green'),
(481, 'Curry', 'Evangeline', 'Kyla', 'Ж', 'Stuart Schmidt'),
(482, 'Hampton', 'Hiroko', 'Erin', 'М', 'Lenore Thompson'),
(483, 'Hester', 'Fuller', 'Kameko', 'М', 'Herrod Forbes'),
(484, 'Guthrie', 'Alvin', 'Lacey', 'М', 'Dennis Becker'),
(485, 'Osborn', 'Tara', 'Risa', 'Ж', 'Pamela Marks'),
(486, 'Hatfield', 'Nigel', 'Kirsten', 'М', 'Jana Skinner'),
(487, 'Small', 'Kiara', 'Kylan', 'М', 'Kay Mcleod'),
(488, 'Chaney', 'Quentin', 'Genevieve', 'М', 'Cecilia Douglas'),
(489, 'Gross', 'Julie', 'Shaine', 'М', 'Vladimir West'),
(490, 'Kirk', 'Dalton', 'Haley', 'М', 'Holmes Cummings'),
(491, 'Oliver', 'Galvin', 'Aurelia', 'Ж', 'Xantha Byrd'),
(492, 'Mays', 'Victor', 'Lael', 'М', 'Ayanna Franklin'),
(493, 'Patterson', 'Brody', 'Felicia', 'М', 'Jamal Nicholson'),
(494, 'Terrell', 'Bryar', 'Mechelle', 'М', 'Minerva Pennington'),
(495, 'Blake', 'Madeline', 'Katelyn', 'М', 'Leandra Green'),
(496, 'Kirk', 'Nola', 'Oprah', 'М', 'Rosalyn Knight'),
(497, 'Mcbride', 'Bradley', 'Lenore', 'Ж', 'Conan Robinson'),
(498, 'Stark', 'Sasha', 'Jacqueline', 'М', 'Carol Hickman'),
(499, 'Fuentes', 'Kasper', 'Hayfa', 'Ж', 'Nell Dillard'),
(500, 'Reynolds', 'Patricia', 'Jennifer', 'Ж', 'Desirae Hawkins');

-- --------------------------------------------------------

--
-- Структура таблицы `Direction`
--

CREATE TABLE `Direction` (
  `id_role` int(11) DEFAULT NULL,
  `Personnel_number` int(11) DEFAULT NULL,
  `Composition_number` int(11) DEFAULT NULL,
  `Appointment_Date` date DEFAULT NULL,
  `Withdrawal_date` date DEFAULT NULL
) ENGINE=InnoDB DEFAULT CHARSET=utf8;

--
-- Дамп данных таблицы `Direction`
--

INSERT INTO `Direction` (`id_role`, `Personnel_number`, `Composition_number`, `Appointment_Date`, `Withdrawal_date`) VALUES
(113, 402, 2, '0000-00-00', '2022-07-20'),
(367, 130, 2, '2027-02-20', '2016-04-20'),
(185, 105, 2, '0000-00-00', '0000-00-00'),
(292, 92, 2, '2016-04-20', '0000-00-00'),
(150, 376, 3, '0000-00-00', '0000-00-00'),
(370, 7, 2, '0000-00-00', '2016-03-20'),
(176, 231, 3, '2004-09-20', '0000-00-00'),
(487, 134, 3, '0000-00-00', '0000-00-00'),
(492, 26, 2, '0000-00-00', '0000-00-00'),
(56, 99, 2, '0000-00-00', '0000-00-00'),
(403, 412, 1, '0000-00-00', '0000-00-00'),
(373, 308, 2, '0000-00-00', '0000-00-00'),
(366, 230, 3, '0000-00-00', '2001-12-20'),
(29, 158, 1, '2006-09-20', '0000-00-00'),
(348, 177, 2, '0000-00-00', '0000-00-00'),
(289, 49, 3, '2010-04-20', '0000-00-00'),
(367, 452, 2, '0000-00-00', '0000-00-00'),
(373, 237, 3, '2016-12-20', '2007-05-20'),
(419, 343, 2, '0000-00-00', '2026-11-20'),
(479, 49, 1, '2018-05-20', '0000-00-00'),
(39, 119, 2, '0000-00-00', '0000-00-00'),
(197, 39, 2, '0000-00-00', '0000-00-00'),
(449, 64, 2, '0000-00-00', '0000-00-00'),
(38, 277, 1, '0000-00-00', '0000-00-00'),
(72, 99, 3, '0000-00-00', '2011-02-20'),
(36, 56, 1, '2011-02-20', '2017-07-20'),
(264, 406, 1, '0000-00-00', '0000-00-00'),
(244, 91, 3, '0000-00-00', '0000-00-00'),
(160, 486, 3, '0000-00-00', '0000-00-00'),
(171, 441, 1, '0000-00-00', '0000-00-00'),
(242, 90, 3, '0000-00-00', '0000-00-00'),
(104, 66, 1, '2014-01-20', '0000-00-00'),
(277, 442, 3, '2004-09-20', '2012-05-20'),
(257, 357, 2, '2024-11-20', '0000-00-00'),
(448, 398, 2, '0000-00-00', '2021-03-20'),
(75, 3, 1, '0000-00-00', '0000-00-00'),
(252, 446, 2, '0000-00-00', '0000-00-00'),
(43, 228, 1, '2031-11-20', '0000-00-00'),
(154, 403, 2, '0000-00-00', '0000-00-00'),
(332, 278, 2, '0000-00-00', '0000-00-00'),
(343, 300, 2, '0000-00-00', '0000-00-00'),
(464, 373, 3, '0000-00-00', '2006-04-20'),
(402, 227, 2, '2023-02-20', '0000-00-00'),
(432, 415, 2, '2006-09-20', '0000-00-00'),
(327, 467, 3, '2029-07-20', '0000-00-00'),
(43, 376, 2, '2016-08-20', '0000-00-00'),
(372, 289, 2, '0000-00-00', '0000-00-00'),
(139, 474, 2, '2014-05-20', '0000-00-00'),
(159, 248, 2, '0000-00-00', '0000-00-00'),
(368, 108, 2, '2006-05-20', '2018-04-20'),
(482, 374, 3, '0000-00-00', '0000-00-00'),
(393, 81, 3, '0000-00-00', '0000-00-00'),
(370, 18, 2, '0000-00-00', '2009-06-20'),
(401, 316, 2, '0000-00-00', '2011-12-20'),
(74, 305, 3, '0000-00-00', '0000-00-00'),
(75, 162, 3, '0000-00-00', '0000-00-00'),
(393, 201, 2, '0000-00-00', '0000-00-00'),
(459, 475, 2, '0000-00-00', '0000-00-00'),
(348, 315, 2, '0000-00-00', '0000-00-00'),
(112, 147, 2, '0000-00-00', '0000-00-00'),
(347, 267, 2, '0000-00-00', '2030-05-20'),
(30, 464, 1, '0000-00-00', '0000-00-00'),
(24, 187, 2, '0000-00-00', '2029-03-20'),
(303, 209, 2, '0000-00-00', '2024-03-20'),
(199, 125, 2, '0000-00-00', '0000-00-00'),
(208, 370, 2, '0000-00-00', '0000-00-00'),
(397, 186, 1, '0000-00-00', '2021-03-20'),
(411, 477, 2, '0000-00-00', '0000-00-00'),
(62, 392, 2, '0000-00-00', '0000-00-00'),
(45, 77, 1, '0000-00-00', '0000-00-00'),
(401, 407, 2, '0000-00-00', '2001-09-20'),
(398, 120, 2, '0000-00-00', '0000-00-00'),
(364, 269, 1, '0000-00-00', '0000-00-00'),
(301, 381, 3, '0000-00-00', '0000-00-00'),
(310, 39, 1, '0000-00-00', '0000-00-00'),
(192, 289, 2, '0000-00-00', '0000-00-00'),
(153, 130, 3, '0000-00-00', '0000-00-00'),
(67, 246, 2, '0000-00-00', '0000-00-00'),
(331, 203, 2, '0000-00-00', '0000-00-00'),
(301, 300, 1, '2015-06-20', '0000-00-00'),
(126, 261, 3, '0000-00-00', '2029-04-20'),
(497, 372, 1, '2007-06-20', '2024-05-20'),
(403, 19, 2, '0000-00-00', '0000-00-00'),
(139, 363, 3, '0000-00-00', '2021-12-20'),
(235, 47, 2, '0000-00-00', '0000-00-00'),
(116, 5, 3, '0000-00-00', '0000-00-00'),
(137, 73, 2, '0000-00-00', '0000-00-00'),
(398, 177, 2, '0000-00-00', '0000-00-00'),
(137, 333, 1, '0000-00-00', '2009-00-20'),
(72, 76, 2, '0000-00-00', '0000-00-00'),
(482, 291, 2, '0000-00-00', '2023-01-20'),
(157, 472, 2, '0000-00-00', '0000-00-00'),
(376, 252, 2, '0000-00-00', '0000-00-00'),
(272, 58, 3, '0000-00-00', '0000-00-00'),
(193, 358, 2, '2028-07-20', '2001-01-20'),
(298, 456, 2, '0000-00-00', '0000-00-00'),
(484, 490, 1, '0000-00-00', '0000-00-00'),
(490, 26, 2, '0000-00-00', '0000-00-00'),
(436, 240, 1, '0000-00-00', '0000-00-00'),
(315, 236, 2, '0000-00-00', '0000-00-00'),
(6, 329, 1, '0000-00-00', '0000-00-00'),
(238, 432, 3, '0000-00-00', '0000-00-00'),
(25, 438, 1, '0000-00-00', '0000-00-00'),
(128, 361, 3, '2014-06-20', '0000-00-00'),
(40, 188, 2, '0000-00-00', '2002-06-20'),
(54, 233, 1, '2013-06-20', '2003-00-20'),
(299, 457, 3, '0000-00-00', '0000-00-00'),
(43, 20, 1, '0000-00-00', '2017-05-20'),
(94, 107, 1, '0000-00-00', '0000-00-00'),
(59, 328, 1, '2010-08-20', '0000-00-00'),
(35, 490, 2, '0000-00-00', '0000-00-00'),
(380, 155, 2, '0000-00-00', '2007-00-20'),
(404, 456, 3, '0000-00-00', '0000-00-00'),
(168, 257, 2, '0000-00-00', '2021-11-20'),
(65, 292, 1, '0000-00-00', '0000-00-00'),
(267, 343, 2, '0000-00-00', '0000-00-00'),
(400, 44, 3, '0000-00-00', '2008-10-20'),
(342, 194, 3, '0000-00-00', '0000-00-00'),
(486, 168, 1, '0000-00-00', '0000-00-00'),
(216, 44, 1, '2022-05-20', '0000-00-00'),
(59, 182, 1, '0000-00-00', '0000-00-00'),
(64, 186, 1, '0000-00-00', '2020-02-20'),
(178, 388, 2, '0000-00-00', '0000-00-00'),
(353, 110, 2, '2009-07-20', '2026-11-20'),
(151, 412, 2, '0000-00-00', '2027-07-20'),
(388, 196, 2, '0000-00-00', '0000-00-00'),
(335, 443, 1, '0000-00-00', '0000-00-00'),
(299, 159, 1, '0000-00-00', '0000-00-00'),
(412, 456, 3, '0000-00-00', '2025-02-20'),
(126, 153, 3, '0000-00-00', '0000-00-00'),
(380, 111, 3, '0000-00-00', '0000-00-00'),
(304, 355, 2, '2001-05-20', '2024-04-20'),
(110, 221, 2, '0000-00-00', '0000-00-00'),
(72, 365, 2, '2013-07-20', '2021-08-20'),
(187, 306, 2, '2019-05-20', '2010-01-20'),
(148, 35, 2, '2003-11-20', '0000-00-00'),
(113, 325, 2, '0000-00-00', '0000-00-00'),
(400, 110, 2, '0000-00-00', '0000-00-00'),
(389, 10, 2, '0000-00-00', '0000-00-00'),
(388, 416, 3, '0000-00-00', '0000-00-00'),
(250, 26, 2, '0000-00-00', '0000-00-00'),
(318, 453, 3, '0000-00-00', '2023-02-20'),
(139, 358, 2, '2025-08-20', '0000-00-00'),
(421, 25, 1, '0000-00-00', '0000-00-00'),
(240, 373, 3, '0000-00-00', '0000-00-00'),
(282, 317, 1, '2003-10-20', '0000-00-00'),
(269, 374, 1, '0000-00-00', '0000-00-00'),
(121, 5, 2, '0000-00-00', '2021-11-20'),
(326, 418, 2, '2023-12-20', '2009-12-20'),
(320, 149, 2, '2004-10-20', '0000-00-00'),
(87, 111, 3, '2021-11-20', '2014-11-20'),
(131, 238, 1, '0000-00-00', '0000-00-00'),
(402, 351, 3, '0000-00-00', '0000-00-00'),
(207, 408, 2, '0000-00-00', '2004-12-20'),
(258, 99, 3, '2020-01-20', '0000-00-00'),
(217, 475, 2, '2026-05-20', '0000-00-00'),
(385, 216, 1, '0000-00-00', '0000-00-00'),
(188, 461, 2, '0000-00-00', '0000-00-00'),
(370, 123, 1, '0000-00-00', '0000-00-00'),
(186, 275, 1, '0000-00-00', '0000-00-00'),
(116, 250, 2, '0000-00-00', '0000-00-00'),
(173, 369, 3, '0000-00-00', '0000-00-00'),
(402, 345, 2, '2005-11-20', '0000-00-00'),
(193, 324, 2, '2017-07-20', '0000-00-00'),
(434, 212, 1, '2013-01-20', '0000-00-00'),
(109, 42, 1, '0000-00-00', '2003-09-20'),
(294, 47, 1, '0000-00-00', '2022-02-20'),
(205, 263, 2, '0000-00-00', '0000-00-00'),
(354, 432, 3, '0000-00-00', '0000-00-00'),
(493, 435, 2, '0000-00-00', '0000-00-00'),
(217, 399, 3, '0000-00-00', '0000-00-00'),
(412, 383, 1, '0000-00-00', '2005-07-20'),
(429, 325, 2, '0000-00-00', '0000-00-00'),
(276, 230, 2, '0000-00-00', '0000-00-00'),
(88, 20, 1, '0000-00-00', '0000-00-00'),
(423, 415, 3, '0000-00-00', '0000-00-00'),
(426, 390, 3, '0000-00-00', '0000-00-00'),
(121, 60, 1, '0000-00-00', '0000-00-00'),
(17, 123, 3, '0000-00-00', '0000-00-00'),
(104, 459, 2, '0000-00-00', '0000-00-00'),
(342, 60, 3, '2013-11-20', '0000-00-00'),
(257, 280, 2, '0000-00-00', '0000-00-00'),
(278, 145, 2, '0000-00-00', '0000-00-00'),
(47, 327, 1, '0000-00-00', '0000-00-00'),
(61, 376, 3, '0000-00-00', '0000-00-00'),
(271, 416, 2, '0000-00-00', '0000-00-00'),
(463, 207, 2, '0000-00-00', '0000-00-00'),
(55, 91, 3, '0000-00-00', '2009-03-20'),
(440, 177, 2, '0000-00-00', '0000-00-00'),
(477, 117, 3, '0000-00-00', '2005-05-20'),
(130, 28, 2, '0000-00-00', '0000-00-00'),
(444, 183, 3, '0000-00-00', '0000-00-00'),
(272, 157, 2, '0000-00-00', '2007-00-20'),
(480, 444, 1, '0000-00-00', '2014-06-20'),
(402, 313, 3, '2020-07-20', '0000-00-00'),
(148, 153, 2, '0000-00-00', '0000-00-00'),
(316, 167, 1, '0000-00-00', '0000-00-00'),
(363, 458, 2, '2017-03-20', '0000-00-00'),
(128, 198, 3, '2028-11-20', '0000-00-00'),
(364, 15, 1, '0000-00-00', '0000-00-00'),
(311, 398, 2, '0000-00-00', '0000-00-00'),
(478, 237, 1, '0000-00-00', '0000-00-00'),
(226, 64, 2, '0000-00-00', '0000-00-00'),
(148, 309, 2, '0000-00-00', '0000-00-00'),
(20, 432, 2, '0000-00-00', '0000-00-00'),
(53, 477, 3, '2016-07-20', '0000-00-00'),
(303, 222, 2, '0000-00-00', '0000-00-00'),
(310, 190, 2, '0000-00-00', '2003-09-20'),
(335, 388, 2, '0000-00-00', '2001-12-20'),
(490, 313, 1, '2016-08-20', '2016-10-20'),
(469, 234, 2, '2014-01-20', '0000-00-00'),
(418, 196, 2, '0000-00-00', '0000-00-00'),
(82, 356, 2, '2002-07-20', '2003-09-20'),
(153, 203, 1, '2009-05-20', '2014-08-20'),
(464, 299, 2, '0000-00-00', '0000-00-00'),
(24, 231, 2, '0000-00-00', '2002-10-20'),
(300, 367, 1, '0000-00-00', '0000-00-00'),
(429, 260, 1, '0000-00-00', '2007-01-20'),
(460, 326, 3, '0000-00-00', '2020-09-20'),
(207, 253, 2, '0000-00-00', '0000-00-00'),
(347, 255, 1, '2029-12-20', '0000-00-00'),
(187, 39, 1, '2006-04-20', '2006-09-20'),
(188, 448, 2, '0000-00-00', '0000-00-00'),
(422, 98, 2, '2028-08-20', '0000-00-00'),
(172, 463, 2, '0000-00-00', '0000-00-00'),
(141, 463, 3, '0000-00-00', '0000-00-00'),
(380, 317, 2, '2007-02-20', '0000-00-00'),
(307, 16, 2, '0000-00-00', '0000-00-00'),
(34, 275, 3, '0000-00-00', '0000-00-00'),
(86, 297, 3, '0000-00-00', '0000-00-00'),
(124, 414, 3, '0000-00-00', '0000-00-00'),
(219, 387, 2, '0000-00-00', '0000-00-00'),
(366, 409, 3, '0000-00-00', '2020-04-20'),
(168, 177, 3, '0000-00-00', '0000-00-00'),
(13, 489, 3, '0000-00-00', '0000-00-00'),
(386, 70, 2, '0000-00-00', '0000-00-00'),
(369, 64, 2, '0000-00-00', '0000-00-00'),
(268, 256, 2, '2011-10-20', '0000-00-00'),
(329, 492, 3, '2018-11-20', '0000-00-00'),
(52, 462, 2, '0000-00-00', '0000-00-00'),
(214, 395, 1, '0000-00-00', '0000-00-00'),
(82, 404, 1, '0000-00-00', '0000-00-00'),
(279, 217, 1, '0000-00-00', '2009-12-20'),
(396, 244, 2, '2027-01-20', '0000-00-00'),
(251, 4, 2, '0000-00-00', '0000-00-00'),
(26, 309, 3, '0000-00-00', '0000-00-00'),
(22, 263, 3, '0000-00-00', '0000-00-00'),
(292, 314, 1, '0000-00-00', '0000-00-00'),
(289, 239, 2, '2028-07-20', '0000-00-00'),
(28, 123, 2, '0000-00-00', '0000-00-00'),
(154, 310, 2, '0000-00-00', '0000-00-00'),
(145, 330, 3, '2001-04-20', '0000-00-00'),
(144, 400, 2, '2007-06-20', '2026-03-20'),
(494, 252, 1, '0000-00-00', '0000-00-00'),
(409, 395, 3, '0000-00-00', '0000-00-00'),
(421, 83, 2, '0000-00-00', '0000-00-00'),
(17, 59, 1, '0000-00-00', '0000-00-00'),
(240, 179, 3, '0000-00-00', '2017-12-20'),
(194, 387, 2, '0000-00-00', '0000-00-00'),
(12, 204, 2, '0000-00-00', '0000-00-00'),
(372, 68, 2, '0000-00-00', '0000-00-00'),
(486, 250, 2, '0000-00-00', '0000-00-00'),
(289, 267, 1, '0000-00-00', '0000-00-00'),
(121, 255, 2, '0000-00-00', '0000-00-00'),
(285, 399, 3, '2026-01-20', '0000-00-00'),
(470, 33, 1, '2005-01-20', '0000-00-00'),
(382, 26, 2, '0000-00-00', '0000-00-00'),
(496, 175, 2, '2002-09-20', '0000-00-00'),
(112, 19, 2, '0000-00-00', '0000-00-00'),
(27, 130, 1, '0000-00-00', '0000-00-00'),
(88, 377, 2, '0000-00-00', '2005-08-20'),
(468, 303, 3, '0000-00-00', '0000-00-00'),
(446, 330, 1, '0000-00-00', '2019-00-20'),
(315, 103, 1, '0000-00-00', '0000-00-00'),
(110, 100, 3, '0000-00-00', '0000-00-00'),
(102, 334, 2, '0000-00-00', '0000-00-00'),
(431, 380, 3, '0000-00-00', '2002-12-20'),
(45, 295, 1, '0000-00-00', '0000-00-00'),
(403, 200, 2, '2025-03-20', '0000-00-00'),
(327, 164, 2, '2020-12-20', '0000-00-00'),
(362, 206, 2, '2004-03-20', '0000-00-00'),
(15, 94, 2, '0000-00-00', '0000-00-00'),
(445, 217, 2, '0000-00-00', '0000-00-00'),
(106, 401, 2, '0000-00-00', '0000-00-00'),
(325, 3, 2, '2010-06-20', '0000-00-00'),
(87, 265, 2, '2005-08-20', '0000-00-00'),
(147, 177, 3, '0000-00-00', '2008-04-20'),
(202, 461, 3, '2030-11-20', '0000-00-00'),
(424, 449, 2, '2018-08-20', '0000-00-00'),
(55, 484, 2, '0000-00-00', '0000-00-00'),
(447, 304, 2, '2009-10-20', '0000-00-00'),
(280, 275, 1, '0000-00-00', '0000-00-00'),
(142, 163, 1, '0000-00-00', '0000-00-00'),
(139, 68, 2, '0000-00-00', '0000-00-00'),
(480, 160, 1, '2029-01-20', '0000-00-00'),
(88, 68, 1, '0000-00-00', '0000-00-00'),
(312, 279, 2, '0000-00-00', '0000-00-00'),
(128, 427, 2, '2005-10-20', '0000-00-00'),
(464, 2, 2, '0000-00-00', '0000-00-00'),
(278, 282, 2, '0000-00-00', '0000-00-00'),
(108, 54, 2, '0000-00-00', '2026-03-20'),
(337, 150, 2, '2020-07-20', '0000-00-00'),
(83, 113, 2, '0000-00-00', '0000-00-00'),
(7, 384, 1, '0000-00-00', '0000-00-00'),
(237, 14, 2, '0000-00-00', '0000-00-00'),
(312, 278, 1, '0000-00-00', '0000-00-00'),
(182, 413, 2, '0000-00-00', '0000-00-00'),
(203, 1, 2, '0000-00-00', '0000-00-00'),
(153, 149, 1, '0000-00-00', '2005-10-20'),
(272, 40, 3, '0000-00-00', '2023-07-20'),
(487, 215, 2, '0000-00-00', '0000-00-00'),
(371, 333, 1, '0000-00-00', '2020-10-20'),
(202, 399, 2, '0000-00-00', '0000-00-00'),
(488, 258, 3, '2025-06-20', '0000-00-00'),
(297, 389, 1, '0000-00-00', '0000-00-00'),
(440, 404, 3, '0000-00-00', '0000-00-00'),
(473, 435, 2, '2009-08-20', '0000-00-00'),
(391, 106, 2, '2018-04-20', '2002-03-20'),
(359, 274, 2, '2011-01-20', '2014-06-20'),
(93, 473, 2, '2019-00-20', '0000-00-00'),
(452, 154, 1, '2012-02-20', '0000-00-00'),
(497, 87, 3, '0000-00-00', '0000-00-00'),
(186, 316, 2, '0000-00-00', '0000-00-00'),
(286, 23, 2, '0000-00-00', '2021-02-20'),
(301, 388, 1, '0000-00-00', '0000-00-00'),
(34, 213, 2, '2024-00-20', '0000-00-00'),
(42, 479, 1, '0000-00-00', '0000-00-00'),
(131, 144, 3, '0000-00-00', '2014-09-20'),
(107, 317, 1, '0000-00-00', '0000-00-00'),
(111, 467, 2, '0000-00-00', '0000-00-00'),
(87, 23, 2, '0000-00-00', '2016-00-20'),
(230, 137, 2, '0000-00-00', '0000-00-00'),
(382, 118, 1, '0000-00-00', '2028-07-20'),
(315, 37, 2, '0000-00-00', '2014-04-20'),
(453, 215, 3, '0000-00-00', '0000-00-00'),
(498, 491, 2, '0000-00-00', '0000-00-00'),
(236, 448, 2, '2027-02-20', '0000-00-00'),
(402, 8, 2, '2014-11-20', '2011-12-20'),
(409, 216, 2, '0000-00-00', '0000-00-00'),
(448, 418, 2, '0000-00-00', '2020-07-20'),
(485, 253, 3, '0000-00-00', '0000-00-00'),
(195, 225, 2, '0000-00-00', '0000-00-00'),
(240, 127, 3, '0000-00-00', '2007-03-20'),
(305, 147, 3, '0000-00-00', '0000-00-00'),
(142, 133, 2, '0000-00-00', '2023-05-20'),
(156, 203, 2, '0000-00-00', '2021-07-20'),
(315, 87, 2, '0000-00-00', '0000-00-00'),
(206, 84, 2, '0000-00-00', '2010-02-20'),
(306, 400, 2, '0000-00-00', '0000-00-00'),
(114, 6, 1, '0000-00-00', '0000-00-00'),
(341, 490, 3, '0000-00-00', '0000-00-00'),
(105, 404, 2, '0000-00-00', '0000-00-00'),
(221, 426, 3, '0000-00-00', '2027-11-20'),
(335, 395, 3, '2001-11-20', '2020-07-20'),
(332, 205, 1, '0000-00-00', '0000-00-00'),
(170, 159, 2, '0000-00-00', '0000-00-00'),
(350, 335, 2, '0000-00-00', '0000-00-00'),
(170, 285, 2, '0000-00-00', '0000-00-00'),
(464, 351, 3, '0000-00-00', '0000-00-00'),
(106, 64, 2, '0000-00-00', '0000-00-00'),
(188, 415, 1, '0000-00-00', '0000-00-00'),
(370, 450, 2, '0000-00-00', '0000-00-00'),
(38, 113, 2, '0000-00-00', '0000-00-00'),
(75, 150, 2, '0000-00-00', '2003-02-20'),
(424, 498, 1, '2020-01-20', '2028-08-20'),
(199, 270, 1, '0000-00-00', '2019-10-20'),
(364, 270, 2, '0000-00-00', '0000-00-00'),
(172, 481, 1, '0000-00-00', '2011-06-20'),
(216, 163, 2, '0000-00-00', '0000-00-00'),
(471, 312, 1, '0000-00-00', '0000-00-00'),
(207, 259, 3, '0000-00-00', '2020-12-20'),
(438, 117, 2, '0000-00-00', '0000-00-00'),
(385, 201, 1, '0000-00-00', '0000-00-00'),
(211, 367, 3, '0000-00-00', '0000-00-00'),
(472, 401, 2, '0000-00-00', '0000-00-00'),
(248, 60, 2, '2023-02-20', '0000-00-00'),
(453, 133, 2, '0000-00-00', '0000-00-00'),
(89, 58, 2, '2016-01-20', '2030-01-20'),
(142, 123, 3, '2031-12-20', '0000-00-00'),
(125, 377, 1, '0000-00-00', '0000-00-00'),
(286, 115, 3, '0000-00-00', '0000-00-00'),
(207, 95, 1, '0000-00-00', '0000-00-00'),
(133, 406, 2, '0000-00-00', '2027-00-20'),
(188, 363, 3, '0000-00-00', '2027-05-20'),
(6, 475, 2, '0000-00-00', '0000-00-00'),
(495, 319, 3, '0000-00-00', '0000-00-00'),
(121, 408, 2, '0000-00-00', '0000-00-00'),
(187, 329, 2, '0000-00-00', '2016-07-20'),
(149, 132, 2, '0000-00-00', '0000-00-00'),
(495, 224, 1, '0000-00-00', '0000-00-00'),
(398, 410, 3, '0000-00-00', '0000-00-00'),
(323, 103, 3, '0000-00-00', '2013-07-20'),
(256, 387, 3, '0000-00-00', '2019-08-20'),
(238, 315, 2, '0000-00-00', '0000-00-00'),
(248, 375, 2, '0000-00-00', '0000-00-00'),
(476, 70, 3, '0000-00-00', '0000-00-00'),
(434, 349, 2, '0000-00-00', '0000-00-00'),
(248, 34, 2, '0000-00-00', '2018-04-20'),
(474, 455, 2, '0000-00-00', '2028-11-20'),
(467, 120, 2, '2013-05-20', '0000-00-00'),
(208, 408, 2, '0000-00-00', '0000-00-00'),
(122, 497, 1, '0000-00-00', '0000-00-00'),
(188, 494, 2, '0000-00-00', '0000-00-00'),
(65, 394, 2, '2009-12-20', '0000-00-00'),
(359, 211, 2, '0000-00-00', '0000-00-00'),
(472, 345, 3, '0000-00-00', '2029-06-20'),
(254, 408, 3, '0000-00-00', '2003-10-20'),
(293, 398, 1, '2009-08-20', '0000-00-00'),
(446, 235, 2, '0000-00-00', '0000-00-00'),
(162, 367, 1, '0000-00-00', '0000-00-00'),
(354, 143, 1, '2013-02-20', '0000-00-00'),
(18, 85, 3, '0000-00-00', '0000-00-00'),
(271, 255, 2, '2025-04-20', '2024-03-20'),
(7, 280, 2, '0000-00-00', '2002-01-20'),
(22, 57, 2, '0000-00-00', '0000-00-00'),
(163, 233, 2, '0000-00-00', '2027-08-20'),
(216, 244, 2, '0000-00-00', '2026-01-20'),
(480, 145, 2, '0000-00-00', '0000-00-00'),
(58, 310, 2, '2001-03-20', '2014-11-20'),
(238, 28, 2, '2007-05-20', '0000-00-00'),
(269, 258, 2, '0000-00-00', '2002-12-20'),
(104, 317, 2, '0000-00-00', '0000-00-00'),
(141, 83, 3, '0000-00-00', '2022-03-20'),
(247, 252, 3, '2025-02-20', '2004-03-20'),
(254, 140, 2, '0000-00-00', '0000-00-00'),
(335, 284, 3, '0000-00-00', '2020-05-20'),
(366, 130, 2, '0000-00-00', '0000-00-00'),
(118, 241, 1, '2028-00-20', '0000-00-00'),
(194, 218, 2, '2013-07-20', '0000-00-00'),
(317, 50, 2, '0000-00-00', '0000-00-00'),
(324, 5, 2, '0000-00-00', '2016-00-20'),
(266, 47, 2, '0000-00-00', '0000-00-00'),
(394, 174, 1, '0000-00-00', '0000-00-00'),
(394, 406, 2, '0000-00-00', '0000-00-00'),
(118, 59, 2, '0000-00-00', '0000-00-00'),
(380, 68, 1, '0000-00-00', '0000-00-00'),
(44, 385, 2, '0000-00-00', '0000-00-00'),
(443, 83, 3, '0000-00-00', '0000-00-00'),
(486, 448, 2, '0000-00-00', '0000-00-00'),
(39, 120, 1, '0000-00-00', '2005-09-20'),
(143, 108, 1, '0000-00-00', '0000-00-00'),
(14, 121, 1, '2009-00-20', '0000-00-00'),
(484, 328, 1, '0000-00-00', '0000-00-00'),
(146, 266, 3, '0000-00-00', '2013-02-20'),
(315, 301, 2, '0000-00-00', '0000-00-00'),
(203, 62, 2, '2001-08-20', '0000-00-00'),
(184, 241, 2, '0000-00-00', '0000-00-00'),
(436, 272, 2, '0000-00-00', '0000-00-00'),
(205, 444, 2, '0000-00-00', '0000-00-00'),
(158, 464, 3, '0000-00-00', '0000-00-00'),
(256, 93, 1, '2017-12-20', '0000-00-00'),
(291, 83, 2, '0000-00-00', '2010-06-20'),
(173, 11, 1, '2005-00-20', '0000-00-00'),
(497, 233, 1, '0000-00-00', '2021-06-20'),
(154, 342, 3, '0000-00-00', '0000-00-00'),
(284, 484, 1, '0000-00-00', '0000-00-00'),
(143, 73, 2, '0000-00-00', '2023-11-20'),
(57, 141, 2, '0000-00-00', '2010-00-20'),
(38, 456, 1, '2008-05-20', '2012-08-20'),
(487, 187, 2, '0000-00-00', '0000-00-00'),
(431, 205, 2, '2022-02-20', '0000-00-00'),
(115, 377, 2, '0000-00-00', '0000-00-00'),
(236, 70, 3, '0000-00-00', '0000-00-00'),
(172, 142, 1, '2010-01-20', '0000-00-00'),
(473, 271, 2, '0000-00-00', '0000-00-00'),
(260, 417, 2, '0000-00-00', '0000-00-00'),
(404, 206, 2, '0000-00-00', '0000-00-00'),
(350, 466, 3, '2013-04-20', '0000-00-00'),
(17, 256, 2, '0000-00-00', '0000-00-00'),
(11, 395, 3, '0000-00-00', '2016-03-20'),
(96, 57, 1, '2013-12-20', '0000-00-00'),
(222, 325, 3, '0000-00-00', '0000-00-00'),
(204, 456, 1, '0000-00-00', '0000-00-00'),
(163, 163, 1, '0000-00-00', '2013-03-20'),
(41, 472, 2, '0000-00-00', '0000-00-00'),
(158, 68, 3, '0000-00-00', '0000-00-00'),
(164, 147, 3, '2017-12-20', '0000-00-00'),
(470, 392, 1, '0000-00-00', '2017-00-20'),
(324, 422, 1, '0000-00-00', '0000-00-00'),
(101, 170, 2, '2007-05-20', '0000-00-00'),
(95, 225, 3, '2004-00-20', '2022-05-20'),
(299, 492, 1, '0000-00-00', '0000-00-00'),
(447, 250, 2, '0000-00-00', '2016-04-20'),
(55, 468, 1, '2004-01-20', '0000-00-00'),
(78, 231, 2, '2015-08-20', '0000-00-00'),
(231, 478, 2, '2014-10-20', '0000-00-00'),
(9, 439, 2, '0000-00-00', '0000-00-00'),
(379, 94, 3, '0000-00-00', '0000-00-00'),
(466, 10, 3, '0000-00-00', '0000-00-00'),
(240, 178, 1, '0000-00-00', '0000-00-00'),
(360, 68, 3, '0000-00-00', '0000-00-00'),
(241, 38, 2, '2011-11-20', '2008-06-20'),
(290, 147, 1, '0000-00-00', '0000-00-00'),
(127, 417, 2, '0000-00-00', '2006-08-20'),
(325, 63, 3, '0000-00-00', '0000-00-00'),
(120, 50, 3, '0000-00-00', '0000-00-00'),
(420, 494, 2, '0000-00-00', '2009-01-20'),
(6, 300, 1, '0000-00-00', '0000-00-00'),
(497, 272, 2, '0000-00-00', '0000-00-00'),
(369, 212, 2, '0000-00-00', '0000-00-00');

-- --------------------------------------------------------

--
-- Структура таблицы `Role`
--

CREATE TABLE `Role` (
  `id_role` int(11) NOT NULL,
  `Name_role` varchar(45) NOT NULL,
  `Play` varchar(100) NOT NULL
) ENGINE=InnoDB DEFAULT CHARSET=utf8;

--
-- Дамп данных таблицы `Role`
--

INSERT INTO `Role` (`id_role`, `Name_role`, `Play`) VALUES
(1633413058, 'Ac Incorporated', 'Ac Institute'),
(1633413059, 'In Tempus Company', 'Auctor Nunc LLC'),
(1633413060, 'Pede Nunc Incorporated', 'Arcu Et Company'),
(1633413061, 'Sapien Cursus Inc.', 'Mauris Rhoncus LLP'),
(1633413062, 'Ultrices Posuere Foundation', 'Lorem Lorem Ltd'),
(1633413063, 'Posuere At LLC', 'Odio Aliquam Industries'),
(1633413064, 'Parturient Montes Nascetur PC', 'Sit Amet Consulting'),
(1633413065, 'Dolor Fusce Corporation', 'Blandit Mattis Institute'),
(1633413066, 'Sagittis Inc.', 'Eget Mollis Company'),
(1633413067, 'Dui Semper Et Company', 'Cursus Diam At Associates'),
(1633413068, 'Est Vitae Sodales Foundation', 'Erat Vivamus Incorporated'),
(1633413069, 'Nunc Pulvinar Arcu Corporation', 'Dolor Nulla Corporation'),
(1633413070, 'Dignissim Pharetra Nam Inc.', 'Cras PC'),
(1633413071, 'Sapien Institute', 'Neque Inc.'),
(1633413072, 'Tortor Company', 'Ut Ltd'),
(1633413073, 'Nullam LLP', 'Eu Arcu Institute'),
(1633413074, 'Ac Tellus Foundation', 'Tincidunt Congue Associates'),
(1633413075, 'Aenean Gravida Corporation', 'Arcu Vestibulum Industries'),
(1633413076, 'Pellentesque A Facilisis Associates', 'Phasellus Elit Pede LLC'),
(1633413077, 'Condimentum Donec Ltd', 'Erat Vel Consulting'),
(1633413078, 'Proin Mi Company', 'Et Associates'),
(1633413079, 'Laoreet Ipsum Industries', 'Elit Limited'),
(1633413080, 'Curae Corp.', 'Rhoncus Proin Nisl LLC'),
(1633413081, 'Donec Nibh Institute', 'Nec Euismod Institute'),
(1633413082, 'Odio LLP', 'Consectetuer Associates'),
(1633413083, 'Nostra Per Company', 'Donec Vitae PC'),
(1633413084, 'Malesuada Fames Ac Corp.', 'Integer Sem Corporation'),
(1633413085, 'Sagittis Felis Donec LLC', 'In Aliquet PC'),
(1633413086, 'Auctor Corp.', 'Convallis In LLC'),
(1633413087, 'Proin Dolor Corporation', 'Mauris Ut Industries'),
(1633413088, 'Ultrices Duis LLC', 'Lorem Tristique LLP'),
(1633413089, 'Sollicitudin Adipiscing Foundation', 'Quis Turpis LLP'),
(1633413090, 'Erat Eget Tincidunt LLP', 'Leo Elementum PC'),
(1633413091, 'Eu Erat Industries', 'Egestas Sed Pharetra Corporation'),
(1633413092, 'Blandit LLP', 'Nisl Sem Consequat Ltd'),
(1633413093, 'Nunc Sed Industries', 'Mi Tempor Consulting'),
(1633413094, 'Ac Inc.', 'Nunc Est Mollis Incorporated'),
(1633413095, 'Ante Ipsum Primis LLC', 'A Auctor Non LLC'),
(1633413096, 'Nisl Sem Incorporated', 'Consectetuer Rhoncus LLP'),
(1633413097, 'Egestas A LLP', 'Eleifend Company'),
(1633413098, 'Eget Magna Incorporated', 'Sed Malesuada Limited'),
(1633413099, 'Porttitor Tellus LLP', 'Sit Foundation'),
(1633413100, 'In Inc.', 'Ipsum Suspendisse Non Institute'),
(1633413101, 'Odio Tristique Pharetra Associates', 'Tempor Est PC'),
(1633413102, 'Suspendisse Aliquet Ltd', 'Nulla Limited'),
(1633413103, 'Euismod Ac Company', 'Ante Iaculis Associates'),
(1633413104, 'Ultrices Limited', 'Porta Inc.'),
(1633413105, 'Proin Vel Nisl Corporation', 'Ultricies Inc.'),
(1633413106, 'Praesent Foundation', 'Ac Libero Foundation'),
(1633413107, 'Venenatis Lacus Associates', 'Enim Nisl Elementum LLP'),
(1633413108, 'Egestas Lacinia LLP', 'Est Mollis Non Incorporated'),
(1633413109, 'Purus Maecenas Associates', 'Nunc Risus Varius Limited'),
(1633413110, 'Semper Dui Consulting', 'Nisl Associates'),
(1633413111, 'Eros Nam LLP', 'Praesent Limited'),
(1633413112, 'Libero Morbi Limited', 'Sem Limited'),
(1633413113, 'Ligula Eu Enim LLC', 'Aliquam Fringilla PC'),
(1633413114, 'Integer Incorporated', 'Ac Industries'),
(1633413115, 'Lorem Ut LLP', 'Quam Industries'),
(1633413116, 'Pede Nunc Limited', 'Laoreet Ipsum Curabitur LLP'),
(1633413117, 'Velit Ltd', 'Cras Sed Industries'),
(1633413118, 'Nulla Eget Metus Corp.', 'Nec Mauris Limited'),
(1633413119, 'Dictum Eu Placerat Industries', 'Sollicitudin A Associates'),
(1633413120, 'Aliquam Nisl Nulla Company', 'Tristique Aliquet Corp.'),
(1633413121, 'Non Quam Pellentesque Institute', 'Nulla Tempor Institute'),
(1633413122, 'Dui Fusce Industries', 'Pede Praesent Eu Institute'),
(1633413123, 'Arcu Eu Consulting', 'A Dui Ltd'),
(1633413124, 'Tellus Id Nunc PC', 'Vulputate Dui Corporation'),
(1633413125, 'Tellus Aenean Egestas PC', 'Dolor Sit Ltd'),
(1633413126, 'Pellentesque Ut PC', 'Lobortis Incorporated'),
(1633413127, 'Ante Maecenas Mi PC', 'Euismod Urna Ltd'),
(1633413128, 'Purus Mauris LLC', 'Justo Faucibus Lectus PC'),
(1633413129, 'Eget Mollis Associates', 'Tristique Neque Venenatis Industries'),
(1633413130, 'Suspendisse Commodo Tincidunt Foundation', 'Sit Inc.'),
(1633413131, 'Fringilla Consulting', 'Etiam Laoreet Incorporated'),
(1633413132, 'Non LLP', 'Urna Nec Luctus Associates'),
(1633413133, 'Eget Massa Suspendisse Corporation', 'Mauris Incorporated'),
(1633413134, 'In Associates', 'Nulla At Sem LLC'),
(1633413135, 'Nunc Quisque Ornare PC', 'Libero Et LLC'),
(1633413136, 'Elementum Lorem PC', 'Est Limited'),
(1633413137, 'Phasellus At Limited', 'Molestie Corp.'),
(1633413138, 'Turpis Inc.', 'Lectus Pede Corp.'),
(1633413139, 'Elit Etiam LLC', 'Dolor PC'),
(1633413140, 'Parturient Montes Ltd', 'Neque Et Nunc Limited'),
(1633413141, 'Cum Sociis Corp.', 'Tempus Mauris Erat Corp.'),
(1633413142, 'Purus Limited', 'Arcu Et Corporation'),
(1633413143, 'At Arcu Vestibulum LLP', 'Cras Interdum LLP'),
(1633413144, 'Auctor Mauris Corp.', 'Sit Amet Foundation'),
(1633413145, 'Nunc Ullamcorper Incorporated', 'Porttitor Scelerisque Consulting'),
(1633413146, 'Non Enim Corporation', 'Morbi Neque Tellus Consulting'),
(1633413147, 'Enim Mauris Quis Ltd', 'Urna Et Industries'),
(1633413148, 'Massa Mauris Foundation', 'Molestie Sed Inc.'),
(1633413149, 'Tempus Industries', 'Egestas Incorporated'),
(1633413150, 'Non Feugiat Industries', 'Ipsum Cursus Vestibulum Consulting'),
(1633413151, 'Scelerisque Sed Foundation', 'Vestibulum Accumsan PC'),
(1633413152, 'Quis Pede Limited', 'Sit Amet Incorporated'),
(1633413153, 'Eu Corporation', 'Vitae Sodales Ltd'),
(1633413154, 'Eget Limited', 'Nec Urna LLC'),
(1633413155, 'Arcu Iaculis Corporation', 'Ultrices Sit Amet Associates'),
(1633413156, 'Natoque LLP', 'Massa Non Limited'),
(1633413157, 'Mi Corporation', 'Mi Foundation'),
(1633413158, 'Porttitor Interdum PC', 'Leo In Institute'),
(1633413159, 'Hendrerit A Inc.', 'Pede Ac Company'),
(1633413160, 'Dictum Placerat Limited', 'Nec Leo Company'),
(1633413161, 'Suspendisse Aliquet Molestie Limited', 'Mauris Institute'),
(1633413162, 'Non PC', 'Tortor Integer Institute'),
(1633413163, 'Est Mauris Eu Corporation', 'Ac Arcu Corporation'),
(1633413164, 'Non Enim Industries', 'Fermentum Incorporated'),
(1633413165, 'Elit Pellentesque A Inc.', 'Luctus Lobortis Class Inc.'),
(1633413166, 'Dui In Sodales Ltd', 'Cras Lorem PC'),
(1633413167, 'Tempor Company', 'Orci Lobortis Associates'),
(1633413168, 'Vestibulum Nec LLC', 'Ante Vivamus Incorporated'),
(1633413169, 'Aliquet Magna A Ltd', 'Faucibus Orci Luctus Incorporated'),
(1633413170, 'Vel Industries', 'Scelerisque Neque Sed Corporation'),
(1633413171, 'In Company', 'Integer Industries'),
(1633413172, 'Lorem Vehicula Corp.', 'Vivamus Euismod Limited'),
(1633413173, 'Pede LLC', 'Rhoncus Id LLP'),
(1633413174, 'Fringilla Cursus Inc.', 'Viverra Corporation'),
(1633413175, 'Nibh Corp.', 'A Felis Corp.'),
(1633413176, 'Adipiscing Fringilla Porttitor Institute', 'Egestas Foundation'),
(1633413177, 'Quisque Ornare Consulting', 'Odio Vel LLC'),
(1633413178, 'Non Arcu Ltd', 'Iaculis Foundation'),
(1633413179, 'Eu Foundation', 'Non Hendrerit Industries'),
(1633413180, 'Suspendisse Foundation', 'Vitae Ltd'),
(1633413181, 'Quis Corp.', 'Tellus Faucibus LLP'),
(1633413182, 'Dolor Sit Industries', 'Velit Corporation'),
(1633413183, 'Mauris A LLC', 'Egestas Blandit Nam Incorporated'),
(1633413184, 'Penatibus Limited', 'Vel Venenatis Industries'),
(1633413185, 'Dui Nec Company', 'Nec Tempus Mauris Consulting'),
(1633413186, 'Ullamcorper Duis Institute', 'Diam Dictum Foundation'),
(1633413187, 'Nulla LLP', 'Lorem Sit Corp.'),
(1633413188, 'Eu Associates', 'Bibendum Fermentum Metus Inc.'),
(1633413189, 'Morbi Vehicula Industries', 'Pellentesque Ltd'),
(1633413190, 'Mauris Associates', 'Et Eros Proin Inc.'),
(1633413191, 'Porttitor Tellus Incorporated', 'Euismod Enim Inc.'),
(1633413192, 'Odio Auctor Vitae Corporation', 'Lectus Cum Foundation'),
(1633413193, 'Lobortis Class Associates', 'Sed PC'),
(1633413194, 'Amet LLP', 'Magnis Dis Company'),
(1633413195, 'Leo Cras Industries', 'Mauris Corporation'),
(1633413196, 'Duis Gravida Praesent PC', 'A Limited'),
(1633413197, 'Urna Nec Luctus Associates', 'Id Mollis Limited'),
(1633413198, 'Semper Inc.', 'Tempor Industries'),
(1633413199, 'A Nunc PC', 'Feugiat Corp.'),
(1633413200, 'Vel Lectus PC', 'Malesuada Ltd'),
(1633413201, 'Ac Libero LLP', 'Faucibus Corp.'),
(1633413202, 'Nunc Ac Mattis Consulting', 'Ullamcorper Eu PC'),
(1633413203, 'Eu Limited', 'Duis Sit Inc.'),
(1633413204, 'Tempor Industries', 'Ipsum Phasellus Vitae LLP'),
(1633413205, 'Sit PC', 'Fusce Feugiat LLP'),
(1633413206, 'Risus Associates', 'Dapibus Quam LLP'),
(1633413207, 'Consectetuer Adipiscing Elit Ltd', 'Nisi Inc.'),
(1633413208, 'Ut Lacus Corp.', 'Phasellus Corporation'),
(1633413209, 'Pellentesque Massa Foundation', 'Morbi LLP'),
(1633413210, 'Vitae Diam Corporation', 'Vel Arcu Associates'),
(1633413211, 'Nec Limited', 'Nonummy Fusce LLC'),
(1633413212, 'Et Libero Proin Associates', 'Nascetur Associates'),
(1633413213, 'Penatibus Associates', 'Eget Nisi PC'),
(1633413214, 'Elit A Incorporated', 'In Scelerisque Scelerisque Corporation'),
(1633413215, 'Adipiscing Foundation', 'Pellentesque Sed Foundation'),
(1633413216, 'Risus Ltd', 'Faucibus Leo Associates'),
(1633413217, 'Hendrerit Consectetuer LLP', 'Arcu Industries'),
(1633413218, 'Aliquet Molestie Industries', 'Dictum Augue Limited'),
(1633413219, 'Volutpat Nulla Dignissim Company', 'Vitae Erat Industries'),
(1633413220, 'Interdum Associates', 'Porttitor Interdum Foundation'),
(1633413221, 'Est Corp.', 'Erat Ltd'),
(1633413222, 'Aliquet Lobortis Institute', 'Montes Ltd'),
(1633413223, 'Non Bibendum Sed Inc.', 'Velit Cras Associates'),
(1633413224, 'Arcu Sed Associates', 'Nonummy Fusce Corp.'),
(1633413225, 'Et Magnis Inc.', 'Dui Nec LLC'),
(1633413226, 'Venenatis Lacus Etiam LLC', 'A Company'),
(1633413227, 'Mauris Consulting', 'Odio Tristique Company'),
(1633413228, 'Velit Aliquam Nisl Corp.', 'Morbi Inc.'),
(1633413229, 'Non Dui PC', 'Vel Arcu Inc.'),
(1633413230, 'Mus Donec Associates', 'Consectetuer Adipiscing Incorporated'),
(1633413231, 'Magna Duis Limited', 'Quam Dignissim LLC'),
(1633413232, 'Risus Morbi Ltd', 'Venenatis Institute'),
(1633413233, 'Aliquam Eros LLC', 'Feugiat Limited'),
(1633413234, 'Mauris Elit Dictum Associates', 'Pharetra Associates'),
(1633413235, 'Risus Donec Industries', 'Turpis PC'),
(1633413236, 'Aliquet Molestie Tellus Institute', 'Enim Nisl Institute'),
(1633413237, 'Sagittis Lobortis Corporation', 'Nisi Foundation'),
(1633413238, 'Sem Corporation', 'Diam Foundation'),
(1633413239, 'Et Limited', 'Donec Company'),
(1633413240, 'Massa Ltd', 'Nunc Ac Institute'),
(1633413241, 'Lacinia Mattis Integer Corp.', 'Id Blandit At Consulting'),
(1633413242, 'Sit Amet Faucibus Corp.', 'Pede Incorporated'),
(1633413243, 'Vulputate Inc.', 'Justo Sit Corp.'),
(1633413244, 'Elementum Lorem Ut Foundation', 'Morbi Incorporated'),
(1633413245, 'Orci Luctus Et Company', 'Nulla Facilisis Suspendisse PC'),
(1633413246, 'Et Magnis LLC', 'Arcu Imperdiet Ullamcorper Limited'),
(1633413247, 'Dui Fusce Diam Limited', 'Eros Non Corporation'),
(1633413248, 'Auctor Velit PC', 'Aliquet Company'),
(1633413249, 'Pede Ltd', 'Lacinia Limited'),
(1633413250, 'Vitae Odio Institute', 'Pede Ac Ltd'),
(1633413251, 'Non Incorporated', 'Augue Ac Incorporated'),
(1633413252, 'Iaculis Nec Eleifend Incorporated', 'Pharetra Sed Industries'),
(1633413253, 'Vulputate Lacus Consulting', 'Eros Turpis LLP'),
(1633413254, 'Et Limited', 'Lectus Nullam Suscipit Ltd'),
(1633413255, 'Porttitor Eros Corporation', 'Justo Faucibus Lectus PC'),
(1633413256, 'Amet Company', 'Nullam Enim Sed LLC'),
(1633413257, 'Arcu Vivamus Institute', 'Purus Mauris PC'),
(1633413258, 'Ligula Aenean Euismod Inc.', 'Auctor Institute'),
(1633413259, 'Amet Limited', 'Nec Tellus Foundation'),
(1633413260, 'Posuere Enim Nisl LLC', 'Posuere Company'),
(1633413261, 'Aliquet Vel Associates', 'Eget Ltd'),
(1633413262, 'Eu Lacus PC', 'At Fringilla Industries'),
(1633413263, 'Hendrerit Industries', 'Nunc Commodo Auctor LLP'),
(1633413264, 'Dignissim Maecenas Ornare PC', 'Velit Dui Inc.'),
(1633413265, 'Arcu Morbi LLC', 'Aliquam Adipiscing Consulting'),
(1633413266, 'Suspendisse Consulting', 'Sagittis Nullam PC'),
(1633413267, 'Nulla Associates', 'Aenean Incorporated'),
(1633413268, 'Massa Integer Foundation', 'Ipsum Suspendisse Non Ltd'),
(1633413269, 'Augue Consulting', 'Placerat Corporation'),
(1633413270, 'In Hendrerit PC', 'Auctor Limited'),
(1633413271, 'Nullam Ut Ltd', 'Eleifend Vitae Erat Incorporated'),
(1633413272, 'Nulla Donec Limited', 'Odio Foundation'),
(1633413273, 'Eget Laoreet LLC', 'Sed Eu Eros Corporation'),
(1633413274, 'Ac Arcu Nunc Company', 'Purus Company'),
(1633413275, 'At Nisi Corp.', 'Mi Fringilla Corporation'),
(1633413276, 'Aenean Euismod LLP', 'Vitae Aliquam Company'),
(1633413277, 'Nonummy Associates', 'Neque Vitae Associates'),
(1633413278, 'Eu Tempor LLP', 'Porttitor Interdum Incorporated'),
(1633413279, 'Quisque Ornare Tortor Incorporated', 'Sed Tortor LLP'),
(1633413280, 'Pellentesque Ltd', 'Facilisis Vitae Consulting'),
(1633413281, 'Nulla Industries', 'Senectus Foundation'),
(1633413282, 'Aenean Massa Integer Inc.', 'Scelerisque Corp.'),
(1633413283, 'Libero Proin Ltd', 'Nunc Incorporated'),
(1633413284, 'Sed Molestie PC', 'Cras Sed Ltd'),
(1633413285, 'Est Nunc Laoreet Incorporated', 'Fringilla Purus Mauris Inc.'),
(1633413286, 'Enim Suspendisse Ltd', 'Montes Nascetur Incorporated'),
(1633413287, 'Augue Foundation', 'Commodo LLP'),
(1633413288, 'Quisque Imperdiet Erat Limited', 'Pede Limited'),
(1633413289, 'Dapibus Ligula Limited', 'Nisi Nibh Corporation'),
(1633413290, 'Lobortis Mauris Suspendisse LLP', 'Elementum At Incorporated'),
(1633413291, 'Euismod Mauris Corporation', 'Quis Institute'),
(1633413292, 'Fusce Aliquam Enim Industries', 'Et Pede Nunc LLP'),
(1633413293, 'Hendrerit LLC', 'Ante Inc.'),
(1633413294, 'Eros Proin Corporation', 'Est Nunc Inc.'),
(1633413295, 'Adipiscing Non Corporation', 'Diam Foundation'),
(1633413296, 'Adipiscing Ligula Incorporated', 'Ut LLC'),
(1633413297, 'Sed Eget Institute', 'Ante Bibendum Ullamcorper Company'),
(1633413298, 'Eu Nibh Vulputate Company', 'Proin Nisl Sem Institute'),
(1633413299, 'In Scelerisque Ltd', 'Nonummy Corporation'),
(1633413300, 'Varius Orci Foundation', 'Ut Quam Vel Incorporated'),
(1633413301, 'Vel PC', 'Elit Pellentesque Limited'),
(1633413302, 'Elementum Lorem Company', 'Luctus PC'),
(1633413303, 'Nunc PC', 'Lectus Quis LLC'),
(1633413304, 'Tellus Lorem Eu Ltd', 'Laoreet Ipsum Curabitur Industries'),
(1633413305, 'Facilisis Magna PC', 'Sit Amet Industries'),
(1633413306, 'Nec Eleifend Non Limited', 'Sodales Purus Incorporated'),
(1633413307, 'Gravida Non Limited', 'Vestibulum LLC'),
(1633413308, 'Non Leo Vivamus Institute', 'Fames Ac Turpis Foundation'),
(1633413309, 'Tortor Nibh Corporation', 'Integer Aliquam Adipiscing Corp.'),
(1633413310, 'Erat Semper Rutrum LLP', 'Ut Lacus Incorporated'),
(1633413311, 'At Libero Industries', 'Aenean Egestas Hendrerit PC'),
(1633413312, 'In Dolor LLC', 'Magna Corporation'),
(1633413313, 'Aliquet Ltd', 'Amet Luctus Vulputate Associates'),
(1633413314, 'Massa Inc.', 'Ultricies Dignissim PC'),
(1633413315, 'Cras Lorem LLC', 'Tellus LLC'),
(1633413316, 'Sed Molestie Sed Industries', 'Molestie Sodales Mauris Institute'),
(1633413317, 'Tristique Neque Institute', 'Nulla Aliquet Corp.'),
(1633413318, 'Tellus Imperdiet Corp.', 'Etiam Incorporated'),
(1633413319, 'Lobortis Quam A Consulting', 'Sodales Elit Erat Limited'),
(1633413320, 'Nonummy Institute', 'Metus Urna LLC'),
(1633413321, 'Enim Institute', 'Cras Vehicula Institute'),
(1633413322, 'Cum Sociis Natoque LLC', 'Congue In Scelerisque Inc.'),
(1633413323, 'Elit Pharetra Corp.', 'Ipsum Nunc Industries'),
(1633413324, 'Rhoncus Proin Nisl Institute', 'Eu Lacus PC'),
(1633413325, 'Felis Nulla PC', 'Sem Semper Company'),
(1633413326, 'Tristique Senectus Institute', 'Cras Vulputate Associates'),
(1633413327, 'Erat Vel PC', 'Non Ante Bibendum Corporation'),
(1633413328, 'Ultricies Dignissim Limited', 'In Tincidunt Congue LLC'),
(1633413329, 'Massa LLP', 'A Foundation'),
(1633413330, 'Odio Vel Est Associates', 'Mi Eleifend Limited'),
(1633413331, 'Purus Sapien Inc.', 'Etiam Ligula Tortor PC'),
(1633413332, 'Nec Luctus Inc.', 'Vel Quam Corporation'),
(1633413333, 'Nullam PC', 'Feugiat Nec Diam Ltd'),
(1633413334, 'Quisque Porttitor Associates', 'Et Consulting'),
(1633413335, 'Molestie Arcu Institute', 'Et Libero Institute'),
(1633413336, 'Erat Volutpat Nulla Institute', 'Vestibulum Ut Consulting'),
(1633413337, 'Dui Incorporated', 'Leo Incorporated'),
(1633413338, 'Turpis Vitae Purus LLC', 'Sem Eget Institute'),
(1633413339, 'Odio Nam Inc.', 'Aliquet Odio Etiam PC'),
(1633413340, 'Turpis Corporation', 'Mauris Company'),
(1633413341, 'Ac Associates', 'Orci In LLP'),
(1633413342, 'Eget LLC', 'Facilisi Sed Limited'),
(1633413343, 'In Industries', 'Nunc Mauris Corp.'),
(1633413344, 'Accumsan Inc.', 'Penatibus Et Limited'),
(1633413345, 'Auctor Mauris Corp.', 'Egestas Blandit Foundation'),
(1633413346, 'Eu Placerat Corp.', 'Velit Justo PC'),
(1633413347, 'Posuere Ltd', 'Dolor Ltd'),
(1633413348, 'Odio Auctor Inc.', 'Mattis Velit Limited'),
(1633413349, 'Quisque Associates', 'Suspendisse Eleifend LLC'),
(1633413350, 'Sagittis Nullam Inc.', 'Erat Ltd'),
(1633413351, 'Enim Curabitur Institute', 'Pede Praesent Eu Industries'),
(1633413352, 'Vel Corporation', 'Nascetur Ridiculus Associates'),
(1633413353, 'Nunc Interdum Corporation', 'Maecenas Ornare Limited'),
(1633413354, 'Mollis Corporation', 'At Risus Nunc Corp.'),
(1633413355, 'Sit Amet Foundation', 'Convallis In Cursus Limited'),
(1633413356, 'Phasellus Ltd', 'Scelerisque LLP'),
(1633413357, 'Diam Vel Consulting', 'Dolor Nonummy Incorporated'),
(1633413358, 'Sapien Cursus Ltd', 'Phasellus At Corporation'),
(1633413359, 'Aenean Inc.', 'Orci In Limited'),
(1633413360, 'Ipsum Curabitur Limited', 'Fringilla Donec Feugiat Limited'),
(1633413361, 'Mollis Integer Ltd', 'Phasellus Ornare Limited'),
(1633413362, 'Nec Imperdiet Ltd', 'Sem Ut Cursus Industries'),
(1633413363, 'Mauris Blandit Institute', 'Mauris Blandit Corporation'),
(1633413364, 'Risus LLC', 'Natoque Penatibus Institute'),
(1633413365, 'Montes Nascetur Corp.', 'Sagittis Semper Incorporated'),
(1633413366, 'Mauris Sit Ltd', 'Risus Donec LLC'),
(1633413367, 'Sem Semper Foundation', 'Donec Egestas Inc.'),
(1633413368, 'Et Euismod Et Ltd', 'Natoque Penatibus Et Institute'),
(1633413369, 'Vel Arcu Eu Inc.', 'Euismod Mauris Eu Associates'),
(1633413370, 'Ac Associates', 'Phasellus Ornare LLP'),
(1633413371, 'Sed Dictum Proin LLC', 'Sociis Natoque Associates'),
(1633413372, 'Justo Proin Corporation', 'Feugiat Non Foundation'),
(1633413373, 'In Aliquet Lobortis Industries', 'Sem Elit Institute'),
(1633413374, 'Pellentesque Eget Dictum LLC', 'Cursus Industries'),
(1633413375, 'Mollis Non LLC', 'Eu Associates'),
(1633413376, 'Elit PC', 'Dictum Sapien Associates'),
(1633413377, 'Orci Luctus Institute', 'Aliquet Molestie Foundation'),
(1633413378, 'Egestas Corporation', 'Metus Vitae Velit Corp.'),
(1633413379, 'Ornare Associates', 'Parturient Corporation'),
(1633413380, 'Vehicula Limited', 'Dolor LLC'),
(1633413381, 'Mauris Sit Company', 'Luctus Aliquet PC'),
(1633413382, 'Convallis PC', 'Amet PC'),
(1633413383, 'Porttitor Interdum Institute', 'Et Rutrum Industries'),
(1633413384, 'Scelerisque Corp.', 'Consequat Associates'),
(1633413385, 'Lorem Eget Inc.', 'Convallis Ante Limited'),
(1633413386, 'Natoque Incorporated', 'Pharetra Inc.'),
(1633413387, 'Sit Amet Institute', 'Adipiscing Ligula LLP'),
(1633413388, 'Massa Limited', 'Mauris Magna Corporation'),
(1633413389, 'Sociis Industries', 'Integer Urna Corporation'),
(1633413390, 'Odio Etiam Ligula PC', 'Vitae Inc.'),
(1633413391, 'Sit Corp.', 'Non Foundation'),
(1633413392, 'Neque Et Nunc LLC', 'Est Ac Institute'),
(1633413393, 'Ut Sagittis Lobortis Industries', 'Facilisis Eget Ltd'),
(1633413394, 'Sit Amet Institute', 'Porttitor Scelerisque Neque Limited'),
(1633413395, 'Tincidunt Aliquam LLP', 'Nonummy Ac LLP'),
(1633413396, 'Non Leo LLP', 'Nec Leo PC'),
(1633413397, 'Lectus Ante Consulting', 'Neque Nullam Industries'),
(1633413398, 'Dictum Foundation', 'Vivamus Nibh Associates'),
(1633413399, 'In Nec Orci Associates', 'Dis Parturient Limited'),
(1633413400, 'Augue Sed LLC', 'Neque Ltd'),
(1633413401, 'Dignissim Lacus Inc.', 'Consectetuer Euismod LLC'),
(1633413402, 'Ultricies Corp.', 'Curabitur Consequat Lectus Associates'),
(1633413403, 'Nonummy Ltd', 'Metus Aliquam Institute'),
(1633413404, 'At Egestas A Associates', 'Donec Non Industries'),
(1633413405, 'Vulputate Lacus Cras Foundation', 'Fringilla PC'),
(1633413406, 'At Egestas A Corp.', 'Sit Amet Inc.'),
(1633413407, 'Ac Mattis Ltd', 'Varius PC'),
(1633413408, 'Malesuada Fringilla Est Foundation', 'Nibh Lacinia Incorporated'),
(1633413409, 'Orci PC', 'Etiam Vestibulum LLP'),
(1633413410, 'Mi Felis Company', 'Cras Pellentesque Sed Industries'),
(1633413411, 'Dui Cras Pellentesque Industries', 'Orci PC'),
(1633413412, 'Vel LLC', 'Accumsan PC'),
(1633413413, 'Amet Lorem Corp.', 'Blandit At Company'),
(1633413414, 'Massa Integer Vitae Corporation', 'Elit Etiam Corporation'),
(1633413415, 'Natoque Penatibus Et Corporation', 'Aliquet Proin LLP'),
(1633413416, 'Ipsum Leo Corp.', 'Ut Aliquam Foundation'),
(1633413417, 'Nullam LLC', 'Cum Sociis Foundation'),
(1633413418, 'Justo Nec Associates', 'Donec Associates'),
(1633413419, 'Ornare Lectus Consulting', 'Est Arcu Ac Corp.'),
(1633413420, 'Leo Vivamus Consulting', 'Mauris Blandit Ltd'),
(1633413421, 'Tellus Suspendisse Sed Limited', 'Enim Ltd'),
(1633413422, 'Egestas Fusce PC', 'Integer Corp.'),
(1633413423, 'Vel Arcu Company', 'Odio Vel Associates'),
(1633413424, 'Nec Eleifend LLP', 'A Neque Corp.'),
(1633413425, 'Lectus Cum Institute', 'Erat Vivamus Nisi PC'),
(1633413426, 'Tincidunt Dui Augue Associates', 'Vestibulum Inc.'),
(1633413427, 'Sapien Nunc Pulvinar Foundation', 'Mattis Cras PC'),
(1633413428, 'Posuere Vulputate Lacus Corp.', 'Euismod Mauris LLC'),
(1633413429, 'Ipsum Dolor Sit Limited', 'Adipiscing Lacus Ut Incorporated'),
(1633413430, 'Sem Ut Corporation', 'Nunc Limited'),
(1633413431, 'Dignissim Magna A Industries', 'Tincidunt Limited'),
(1633413432, 'Sit Institute', 'Ultrices Limited'),
(1633413433, 'Dictum Ultricies Inc.', 'Ornare Lectus Corporation'),
(1633413434, 'Pede Cras Incorporated', 'Dolor Quam Elementum Industries'),
(1633413435, 'Nunc Laoreet Lectus Corporation', 'Tempor LLP'),
(1633413436, 'Molestie Sodales Inc.', 'A Dui Incorporated'),
(1633413437, 'Nulla PC', 'Ac Eleifend Vitae Foundation'),
(1633413438, 'Egestas A Dui Institute', 'Quisque LLC'),
(1633413439, 'Elit Corp.', 'Sem Molestie Sodales PC'),
(1633413440, 'Turpis In Condimentum Foundation', 'Eu Nibh Vulputate Foundation'),
(1633413441, 'Vestibulum Nec LLP', 'Non Industries'),
(1633413442, 'Cras Eu Consulting', 'Lacus Institute'),
(1633413443, 'Semper Egestas Corp.', 'Mauris Consulting'),
(1633413444, 'At Risus Associates', 'Eu Tempor Erat Incorporated'),
(1633413445, 'Eget Varius Incorporated', 'Egestas Urna Justo Ltd'),
(1633413446, 'Erat Volutpat Associates', 'Pellentesque Ut LLP'),
(1633413447, 'Lacus Mauris LLC', 'Aenean Euismod Foundation'),
(1633413448, 'Dictum Associates', 'Elementum Limited'),
(1633413449, 'Eros Nam Incorporated', 'Nec Urna Limited'),
(1633413450, 'Nibh Vulputate Inc.', 'Ut Semper Pretium Inc.'),
(1633413451, 'Quis Inc.', 'Sollicitudin A Malesuada Institute'),
(1633413452, 'Eu Odio Tristique Corporation', 'A LLP'),
(1633413453, 'Felis Nulla LLC', 'Vivamus Non Lorem Corp.'),
(1633413454, 'Non Corp.', 'Ante Dictum LLC'),
(1633413455, 'Amet Metus Aliquam Inc.', 'Non Dapibus Corporation'),
(1633413456, 'Vestibulum Ut Eros Foundation', 'Lacinia Orci Consectetuer Consulting'),
(1633413457, 'Magna Lorem Institute', 'Pede Nonummy Ut PC'),
(1633413458, 'Consequat Institute', 'Adipiscing Associates'),
(1633413459, 'Ornare Elit Foundation', 'Eu Incorporated'),
(1633413460, 'Dictum Placerat Industries', 'Sed Pede Nec Limited'),
(1633413461, 'Sed Nunc Institute', 'Dui Inc.'),
(1633413462, 'Sapien Gravida LLP', 'Amet Institute'),
(1633413463, 'Luctus Incorporated', 'Blandit Inc.'),
(1633413464, 'Fermentum Corp.', 'Gravida Nunc Sed Corp.'),
(1633413465, 'Dapibus Ligula Aliquam PC', 'Libero LLC'),
(1633413466, 'Natoque PC', 'Placerat Orci LLC'),
(1633413467, 'Cum Sociis Natoque Associates', 'Ac Ipsum Corporation'),
(1633413468, 'Justo Faucibus Corp.', 'Dolor Dolor Corp.'),
(1633413469, 'Dictum Placerat Inc.', 'Erat Neque Limited'),
(1633413470, 'Integer In Corp.', 'Urna Nec Luctus Corp.'),
(1633413471, 'Orci Donec Corporation', 'Risus Duis LLP'),
(1633413472, 'Tristique Pharetra Quisque Industries', 'Quis Urna Corporation'),
(1633413473, 'Erat Volutpat LLP', 'Auctor Mauris Industries'),
(1633413474, 'Sed Leo Consulting', 'Luctus Felis Purus Institute'),
(1633413475, 'Ultrices Vivamus LLC', 'Malesuada Inc.'),
(1633413476, 'Ut Nulla Cras Institute', 'Et LLP'),
(1633413477, 'Pharetra Ut LLC', 'Dolor Nulla Semper Consulting'),
(1633413478, 'Ipsum Ac Institute', 'Sed Est Nunc Ltd'),
(1633413479, 'Phasellus In Felis Company', 'Vitae Purus Ltd'),
(1633413480, 'Gravida Sit Amet Incorporated', 'Pharetra Sed Hendrerit Consulting'),
(1633413481, 'Feugiat Metus Corp.', 'Nec Tellus Limited'),
(1633413482, 'Arcu Ac Orci Corp.', 'Mauris Corporation'),
(1633413483, 'Magna Associates', 'At Pretium Aliquet Consulting'),
(1633413484, 'Fringilla Ltd', 'Bibendum LLC'),
(1633413485, 'Phasellus At Consulting', 'Rhoncus Ltd'),
(1633413486, 'Pharetra Felis Eget Limited', 'Purus Ac Tellus PC'),
(1633413487, 'Aliquet Lobortis LLP', 'Sed Tortor Integer Incorporated'),
(1633413488, 'Pede Corp.', 'Nibh Company'),
(1633413489, 'Suspendisse Commodo Tincidunt Industries', 'Fusce Aliquam Enim LLP'),
(1633413490, 'Velit Dui Semper Limited', 'Fermentum Risus At Corp.'),
(1633413491, 'Sit Inc.', 'Pede Institute'),
(1633413492, 'Morbi Associates', 'A Purus Industries'),
(1633413493, 'Vitae Erat Associates', 'Non Luctus Corp.'),
(1633413494, 'Eget Dictum LLP', 'Non Hendrerit Id Consulting'),
(1633413495, 'Mauris Id PC', 'Suspendisse Eleifend Associates'),
(1633413496, 'Ipsum Donec PC', 'Sagittis Duis Corp.'),
(1633413497, 'Et Eros Proin LLP', 'Magna Nec Quam Incorporated'),
(1633413498, 'Vulputate Velit Ltd', 'Nulla Facilisis Ltd'),
(1633413499, 'Nunc Sed Pede LLP', 'Donec Non Justo Corporation'),
(1633413500, 'Nonummy Fusce Fermentum Corporation', 'Pharetra Foundation'),
(1633413501, 'Orci Industries', 'Eu Augue Associates'),
(1633413502, 'Lectus Inc.', 'Odio Auctor LLC'),
(1633413503, 'Blandit Enim Company', 'Aliquet Proin LLC'),
(1633413504, 'Mauris Institute', 'Condimentum Eget LLP'),
(1633413505, 'Et Commodo At Industries', 'Diam Lorem Corporation'),
(1633413506, 'Dictum Company', 'Lobortis Associates'),
(1633413507, 'Vitae Mauris Sit Ltd', 'Ut Nec Ltd'),
(1633413508, 'Mauris Associates', 'Auctor Velit Corporation'),
(1633413509, 'Egestas Duis Limited', 'Velit Limited'),
(1633413510, 'Arcu Imperdiet Limited', 'Pellentesque Tincidunt Corporation'),
(1633413511, 'Malesuada Fringilla Incorporated', 'Magnis LLC'),
(1633413512, 'Sociis Natoque LLP', 'Ultrices LLC'),
(1633413513, 'Porta Elit PC', 'Mauris Incorporated'),
(1633413514, 'Nec Orci Donec Incorporated', 'Scelerisque Neque Industries'),
(1633413515, 'Dui Fusce Corp.', 'Malesuada Vel Incorporated'),
(1633413516, 'Eu Accumsan Corporation', 'Scelerisque Ltd'),
(1633413517, 'Urna Vivamus Institute', 'Nunc Company'),
(1633413518, 'Quam Foundation', 'Tempus Mauris Foundation'),
(1633413519, 'Adipiscing Non Limited', 'Cursus Luctus Institute'),
(1633413520, 'Mollis Non Cursus Ltd', 'Massa Institute'),
(1633413521, 'Id Sapien Associates', 'Nisi Mauris Ltd'),
(1633413522, 'Pede Nonummy PC', 'Non Cursus Consulting'),
(1633413523, 'Ridiculus Mus Corp.', 'Mi Eleifend Egestas Inc.'),
(1633413524, 'Tellus Justo Foundation', 'Gravida Aliquam Industries'),
(1633413525, 'Mus Proin Institute', 'Eu Nibh Vulputate Associates'),
(1633413526, 'Faucibus Ut LLP', 'Fusce Mollis Incorporated'),
(1633413527, 'Egestas A Foundation', 'Nec Incorporated'),
(1633413528, 'Mauris Institute', 'Lectus Cum Consulting'),
(1633413529, 'Magnis Dis Limited', 'Volutpat Nulla Foundation'),
(1633413530, 'Pede Nec Incorporated', 'Velit Egestas Foundation'),
(1633413531, 'Magna Inc.', 'Amet Inc.'),
(1633413532, 'Mauris Morbi Non Inc.', 'Litora Torquent PC'),
(1633413533, 'Aliquet Industries', 'Nec Foundation'),
(1633413534, 'Quam Quis Diam Ltd', 'In Lobortis Corporation'),
(1633413535, 'Semper Pretium LLP', 'Commodo Ipsum Suspendisse Foundation'),
(1633413536, 'Tempus Lorem Industries', 'Phasellus In Corp.'),
(1633413537, 'Quam Inc.', 'Eu Inc.'),
(1633413538, 'Duis A Institute', 'Libero Proin Sed PC'),
(1633413539, 'Tempus Lorem Fringilla Incorporated', 'Neque Nullam Consulting'),
(1633413540, 'Posuere Enim LLC', 'Integer Vulputate Company'),
(1633413541, 'Donec Corp.', 'Scelerisque Dui LLP'),
(1633413542, 'Et Magnis Corporation', 'Ultrices Posuere Cubilia Company'),
(1633413543, 'Proin Incorporated', 'Magna Et Foundation'),
(1633413544, 'Et Limited', 'Pede Malesuada Incorporated'),
(1633413545, 'Magna Duis Incorporated', 'Amet Consectetuer Limited'),
(1633413546, 'Vestibulum Ltd', 'Interdum Institute'),
(1633413547, 'Non LLC', 'Lacus Quisque Purus Industries'),
(1633413548, 'Ipsum Cursus Corp.', 'In Faucibus Associates'),
(1633413549, 'Nascetur Ridiculus Mus Limited', 'Elit Sed Foundation'),
(1633413550, 'Libero Mauris Ltd', 'Vel Est Tempor Institute'),
(1633413551, 'Hendrerit Consectetuer Institute', 'Imperdiet Nec Corporation'),
(1633413552, 'Sed PC', 'Convallis Ante Lectus Corporation'),
(1633413553, 'Integer Institute', 'Pellentesque Massa Lobortis Incorporated'),
(1633413554, 'Vitae Mauris Inc.', 'Nunc Nulla Vulputate Corporation'),
(1633413555, 'Mauris Incorporated', 'Ante Dictum Cursus Incorporated'),
(1633413556, 'Nam Ac Corp.', 'A Felis Ullamcorper Associates'),
(1633413557, 'Eu Dui Cum Corporation', 'Arcu Curabitur Ut Consulting');

--
-- Индексы сохранённых таблиц
--

--
-- Индексы таблицы `Actor`
--
ALTER TABLE `Actor`
  ADD PRIMARY KEY (`Personnel_number`);

--
-- Индексы таблицы `Direction`
--
ALTER TABLE `Direction`
  ADD KEY `FK_A_idx` (`Personnel_number`),
  ADD KEY `FK_R_idx` (`id_role`);

--
-- Индексы таблицы `Role`
--
ALTER TABLE `Role`
  ADD PRIMARY KEY (`id_role`);

--
-- AUTO_INCREMENT для сохранённых таблиц
--

--
-- AUTO_INCREMENT для таблицы `Role`
--
ALTER TABLE `Role`
  MODIFY `id_role` int(11) NOT NULL AUTO_INCREMENT, AUTO_INCREMENT=1633413558;

--
-- Ограничения внешнего ключа сохраненных таблиц
--

--
-- Ограничения внешнего ключа таблицы `Direction`
--
ALTER TABLE `Direction`
  ADD CONSTRAINT `FK_A` FOREIGN KEY (`Personnel_number`) REFERENCES `Actor` (`Personnel_number`) ON DELETE CASCADE ON UPDATE CASCADE;
COMMIT;

/*!40101 SET CHARACTER_SET_CLIENT=@OLD_CHARACTER_SET_CLIENT */;
/*!40101 SET CHARACTER_SET_RESULTS=@OLD_CHARACTER_SET_RESULTS */;
/*!40101 SET COLLATION_CONNECTION=@OLD_COLLATION_CONNECTION */;
